Dato,Vannføring
2016-01-01 11:00:00Z,242.5022
2016-01-02 11:00:00Z,236.1731
2016-01-03 11:00:00Z,231.7947
2016-01-04 11:00:00Z,227.8996
2016-01-05 11:00:00Z,226.3537
2016-01-06 11:00:00Z,207.9345
2016-01-07 11:00:00Z,203.0007
2016-01-08 11:00:00Z,198.2428
2016-01-09 11:00:00Z,193.3507
2016-01-10 11:00:00Z,193.8456
2016-01-11 11:00:00Z,194.5072
2016-01-12 11:00:00Z,193.5972
2016-01-13 11:00:00Z,192.3532
2016-01-14 11:00:00Z,190.9339
2016-01-15 11:00:00Z,191.0438
2016-01-16 11:00:00Z,190.5815
2016-01-17 11:00:00Z,191.5371
2016-01-18 11:00:00Z,192.1397
2016-01-19 11:00:00Z,195.4649
2016-01-20 11:00:00Z,195.1447
2016-01-21 11:00:00Z,194.5755
2016-01-22 11:00:00Z,194.5791
2016-01-23 11:00:00Z,195.4545
2016-01-24 11:00:00Z,195.5165
2016-01-25 11:00:00Z,197.1853
2016-01-26 11:00:00Z,201.6013
2016-01-27 11:00:00Z,238.8479
2016-01-28 11:00:00Z,241.3456
2016-01-29 11:00:00Z,236.4167
2016-01-30 11:00:00Z,265.9633
2016-01-31 11:00:00Z,214.9348
2016-02-01 11:00:00Z,210.4894
2016-02-02 11:00:00Z,226.5327
2016-02-03 11:00:00Z,223.4322
2016-02-04 11:00:00Z,210.1452
2016-02-05 11:00:00Z,203.4625
2016-02-06 11:00:00Z,208.635
2016-02-07 11:00:00Z,256.1566
2016-02-08 11:00:00Z,310.9622
2016-02-09 11:00:00Z,291.511
2016-02-10 11:00:00Z,158.3342
2016-02-11 11:00:00Z,212.2048
2016-02-12 11:00:00Z,202.8501
2016-02-13 11:00:00Z,199.5479
2016-02-14 11:00:00Z,196.5034
2016-02-15 11:00:00Z,196.4663
2016-02-16 11:00:00Z,196.055
2016-02-17 11:00:00Z,197.018
2016-02-18 11:00:00Z,194.27
2016-02-19 11:00:00Z,194.1148
2016-02-20 11:00:00Z,206.4381
2016-02-21 11:00:00Z,205.0197
2016-02-22 11:00:00Z,178.3969
2016-02-23 11:00:00Z,171.1205
2016-02-24 11:00:00Z,169.1897
2016-02-25 11:00:00Z,193.9042
2016-02-26 11:00:00Z,197.0397
2016-02-27 11:00:00Z,195.3296
2016-02-28 11:00:00Z,177.3409
2016-02-29 11:00:00Z,164.9797
2016-03-01 11:00:00Z,165.3053
2016-03-02 11:00:00Z,166.6357
2016-03-03 11:00:00Z,166.1429
2016-03-04 11:00:00Z,166.3281
2016-03-05 11:00:00Z,168.834
2016-03-06 11:00:00Z,169.7884
2016-03-07 11:00:00Z,172.0327
2016-03-08 11:00:00Z,157.3891
2016-03-09 11:00:00Z,166.0134
2016-03-10 11:00:00Z,174.8895
2016-03-11 11:00:00Z,179.5677
2016-03-12 11:00:00Z,180.231
2016-03-13 11:00:00Z,178.0518
2016-03-14 11:00:00Z,187.9433
2016-03-15 11:00:00Z,198.4797
2016-03-16 11:00:00Z,195.4611
2016-03-17 11:00:00Z,200.8743
2016-03-18 11:00:00Z,203.0525
2016-03-19 11:00:00Z,202.8626
2016-03-20 11:00:00Z,202.5729
2016-03-21 11:00:00Z,202.6689
2016-03-22 11:00:00Z,203.9405
2016-03-23 11:00:00Z,202.9144
2016-03-24 11:00:00Z,202.0786
2016-03-25 11:00:00Z,200.8498
2016-03-26 11:00:00Z,200.8796
2016-03-27 11:00:00Z,218.7814
2016-03-28 11:00:00Z,223.4671
2016-03-29 11:00:00Z,291.6234
2016-03-30 11:00:00Z,228.7802
2016-03-31 11:00:00Z,211.6857
2016-04-01 11:00:00Z,203.1695
2016-04-02 11:00:00Z,198.3162
2016-04-03 11:00:00Z,196.7165
2016-04-04 11:00:00Z,196.626
2016-04-05 11:00:00Z,198.2966
2016-04-06 11:00:00Z,218.5204
2016-04-07 11:00:00Z,221.178
2016-04-08 11:00:00Z,218.8698
2016-04-09 11:00:00Z,218.882
2016-04-10 11:00:00Z,210.891
2016-04-11 11:00:00Z,187.3165
2016-04-12 11:00:00Z,198.683
2016-04-13 11:00:00Z,192.3455
2016-04-14 11:00:00Z,195.957
2016-04-15 11:00:00Z,197.1983
2016-04-16 11:00:00Z,195.0874
2016-04-17 11:00:00Z,197.7676
2016-04-18 11:00:00Z,196.6923
2016-04-19 11:00:00Z,152.9155
2016-04-20 11:00:00Z,196.5233
2016-04-21 11:00:00Z,195.115
2016-04-22 11:00:00Z,193.3742
2016-04-23 11:00:00Z,195.0935
2016-04-24 11:00:00Z,193.6319
2016-04-25 11:00:00Z,192.906
2016-04-26 11:00:00Z,192.4854
2016-04-27 11:00:00Z,160.7759
2016-04-28 11:00:00Z,191.492
2016-04-29 11:00:00Z,198.1869
2016-04-30 11:00:00Z,203.2672
2016-05-01 11:00:00Z,203.5975
2016-05-02 11:00:00Z,194.3962
2016-05-03 11:00:00Z,196.4072
2016-05-04 11:00:00Z,195.284
2016-05-05 11:00:00Z,196.0638
2016-05-06 11:00:00Z,194.9764
2016-05-07 11:00:00Z,192.8715
2016-05-08 11:00:00Z,191.1889
2016-05-09 11:00:00Z,185.3487
2016-05-10 11:00:00Z,161.2745
2016-05-11 11:00:00Z,153.2525
2016-05-12 11:00:00Z,164.2651
2016-05-13 11:00:00Z,159.131
2016-05-14 11:00:00Z,152.9115
2016-05-15 11:00:00Z,148.7233
2016-05-16 11:00:00Z,148.7293
2016-05-17 11:00:00Z,150.3033
2016-05-18 11:00:00Z,149.9673
2016-05-19 11:00:00Z,155.8555
2016-05-20 11:00:00Z,160.555
2016-05-21 11:00:00Z,156.5342
2016-05-22 11:00:00Z,158.6624
2016-05-23 11:00:00Z,174.4596
2016-05-24 11:00:00Z,176.3742
2016-05-25 11:00:00Z,173.2229
2016-05-26 11:00:00Z,176.2759
2016-05-27 11:00:00Z,177.8782
2016-05-28 11:00:00Z,173.9937
2016-05-29 11:00:00Z,172.6436
2016-05-30 11:00:00Z,176.0444
2016-05-31 11:00:00Z,190.3512
2016-06-01 11:00:00Z,195.145
2016-06-02 11:00:00Z,193.0092
2016-06-03 11:00:00Z,189.0028
2016-06-04 11:00:00Z,187.9921
2016-06-05 11:00:00Z,186.0211
2016-06-06 11:00:00Z,185.3818
2016-06-07 11:00:00Z,182.1024
2016-06-08 11:00:00Z,184.093
2016-06-09 11:00:00Z,183.2618
2016-06-10 11:00:00Z,178.7461
2016-06-11 11:00:00Z,158.5727
2016-06-12 11:00:00Z,139.2639
2016-06-13 11:00:00Z,112.9183
2016-06-14 11:00:00Z,104.2436
2016-06-15 11:00:00Z,103.8456
2016-06-16 11:00:00Z,102.738
2016-06-17 11:00:00Z,100.6568
2016-06-18 11:00:00Z,99.44296
2016-06-19 11:00:00Z,98.52454
2016-06-20 11:00:00Z,101.9654
2016-06-21 11:00:00Z,105.6138
2016-06-22 11:00:00Z,102.4435
2016-06-23 11:00:00Z,101.7555
2016-06-24 11:00:00Z,103.4043
2016-06-25 11:00:00Z,103.0625
2016-06-26 11:00:00Z,105.6008
2016-06-27 11:00:00Z,88.51141
2016-06-28 11:00:00Z,79.5765
2016-06-29 11:00:00Z,80.51422
2016-06-30 11:00:00Z,91.34873
2016-07-01 11:00:00Z,98.14954
2016-07-02 11:00:00Z,104.8801
2016-07-03 11:00:00Z,109.306
2016-07-04 11:00:00Z,113.8597
2016-07-05 11:00:00Z,122.0778
2016-07-06 11:00:00Z,99.30524
2016-07-07 11:00:00Z,84.54487
2016-07-08 11:00:00Z,73.21004
2016-07-09 11:00:00Z,69.664
2016-07-10 11:00:00Z,67.91121
2016-07-11 11:00:00Z,68.41372
2016-07-12 11:00:00Z,66.77514
2016-07-13 11:00:00Z,67.51479
2016-07-14 11:00:00Z,72.72172
2016-07-15 11:00:00Z,79.74416
2016-07-16 11:00:00Z,77.34732
2016-07-17 11:00:00Z,79.67195
2016-07-18 11:00:00Z,91.75387
2016-07-19 11:00:00Z,69.72433
2016-07-20 11:00:00Z,66.65763
2016-07-21 11:00:00Z,66.78996
2016-07-22 11:00:00Z,66.38059
2016-07-23 11:00:00Z,64.9054
2016-07-24 11:00:00Z,63.73202
2016-07-25 11:00:00Z,64.12379
2016-07-26 11:00:00Z,77.1043
2016-07-27 11:00:00Z,94.22088
2016-07-28 11:00:00Z,96.76801
2016-07-29 11:00:00Z,116.408
2016-07-30 11:00:00Z,137.9653
2016-07-31 11:00:00Z,138.4034
2016-08-01 11:00:00Z,134.6066
2016-08-02 11:00:00Z,140.5012
2016-08-03 11:00:00Z,140.5879
2016-08-04 11:00:00Z,148.204
2016-08-05 11:00:00Z,166.9851
2016-08-06 11:00:00Z,151.6109
2016-08-07 11:00:00Z,142.1644
2016-08-08 11:00:00Z,84.28828
2016-08-09 11:00:00Z,75.43328
2016-08-10 11:00:00Z,68.73067
2016-08-11 11:00:00Z,65.15718
2016-08-12 11:00:00Z,62.61028
2016-08-13 11:00:00Z,63.56696
2016-08-14 11:00:00Z,62.53179
2016-08-15 11:00:00Z,61.80298
2016-08-16 11:00:00Z,61.33976
2016-08-17 11:00:00Z,71.15733
2016-08-18 11:00:00Z,96.41865
2016-08-19 11:00:00Z,96.09682
2016-08-20 11:00:00Z,85.50558
2016-08-21 11:00:00Z,81.45994
2016-08-22 11:00:00Z,90.03007
2016-08-23 11:00:00Z,96.74824
2016-08-24 11:00:00Z,94.38996
2016-08-25 11:00:00Z,94.05908
2016-08-26 11:00:00Z,96.89767
2016-08-27 11:00:00Z,84.5616
2016-08-28 11:00:00Z,84.45077
2016-08-29 11:00:00Z,93.62073
2016-08-30 11:00:00Z,93.70494
2016-08-31 11:00:00Z,101.4932
2016-09-01 11:00:00Z,102.9165
2016-09-02 11:00:00Z,101.7151
2016-09-03 11:00:00Z,101.4048
2016-09-04 11:00:00Z,102.0839
2016-09-05 11:00:00Z,102.0328
2016-09-06 11:00:00Z,102.2044
2016-09-07 11:00:00Z,101.8448
2016-09-08 11:00:00Z,102.4162
2016-09-09 11:00:00Z,98.63723
2016-09-10 11:00:00Z,100.2413
2016-09-11 11:00:00Z,119.161
2016-09-12 11:00:00Z,145.0221
2016-09-13 11:00:00Z,147.3797
2016-09-14 11:00:00Z,148.4056
2016-09-15 11:00:00Z,144.6591
2016-09-16 11:00:00Z,141.7212
2016-09-17 11:00:00Z,143.5535
2016-09-18 11:00:00Z,141.5103
2016-09-19 11:00:00Z,142.5635
2016-09-20 11:00:00Z,141.4413
2016-09-21 11:00:00Z,139.1115
2016-09-22 11:00:00Z,104.2083
2016-09-23 11:00:00Z,104.7559
2016-09-24 11:00:00Z,104.8911
2016-09-25 11:00:00Z,105.592
2016-09-26 11:00:00Z,106.2818
2016-09-27 11:00:00Z,107.5374
2016-09-28 11:00:00Z,110.6749
2016-09-29 11:00:00Z,123.9678
2016-09-30 11:00:00Z,123.4017
2016-10-01 11:00:00Z,95.10303
2016-10-02 11:00:00Z,90.16405
2016-10-03 11:00:00Z,89.38577
2016-10-04 11:00:00Z,90.06982
2016-10-05 11:00:00Z,89.76605
2016-10-06 11:00:00Z,89.10497
2016-10-07 11:00:00Z,88.07408
2016-10-08 11:00:00Z,88.38987
2016-10-09 11:00:00Z,94.81133
2016-10-10 11:00:00Z,125.2874
2016-10-11 11:00:00Z,132.1063
2016-10-12 11:00:00Z,130.8693
2016-10-13 11:00:00Z,131.0223
2016-10-14 11:00:00Z,130.1741
2016-10-15 11:00:00Z,93.95422
2016-10-16 11:00:00Z,88.34728
2016-10-17 11:00:00Z,124.018
2016-10-18 11:00:00Z,160.6045
2016-10-19 11:00:00Z,198.8528
2016-10-20 11:00:00Z,166.092
2016-10-21 11:00:00Z,151.1578
2016-10-22 11:00:00Z,129.7398
2016-10-23 11:00:00Z,120.458
2016-10-24 11:00:00Z,139.189
2016-10-25 11:00:00Z,143.4005
2016-10-26 11:00:00Z,137.3588
2016-10-27 11:00:00Z,135.2039
2016-10-28 11:00:00Z,134.6823
2016-10-29 11:00:00Z,98.48164
2016-10-30 11:00:00Z,94.41948
2016-10-31 11:00:00Z,93.71263
2016-11-01 11:00:00Z,94.68981
2016-11-02 11:00:00Z,93.43729
2016-11-03 11:00:00Z,94.10616
2016-11-04 11:00:00Z,93.90587
2016-11-05 11:00:00Z,110.7159
2016-11-06 11:00:00Z,108.8833
2016-11-07 11:00:00Z,100.3353
2016-11-08 11:00:00Z,115.5655
2016-11-09 11:00:00Z,99.72163
2016-11-10 11:00:00Z,95.55572
2016-11-11 11:00:00Z,95.42615
2016-11-12 11:00:00Z,94.65472
2016-11-13 11:00:00Z,95.18737
2016-11-14 11:00:00Z,102.3573
2016-11-15 11:00:00Z,124.7521
2016-11-16 11:00:00Z,136.043
2016-11-17 11:00:00Z,150.1447
2016-11-18 11:00:00Z,186.5853
2016-11-19 11:00:00Z,170.8933
2016-11-20 11:00:00Z,142.5411
2016-11-21 11:00:00Z,159.2731
2016-11-22 11:00:00Z,145.9835
2016-11-23 11:00:00Z,159.0513
2016-11-24 11:00:00Z,155.798
2016-11-25 11:00:00Z,156.1571
2016-11-26 11:00:00Z,153.3363
2016-11-27 11:00:00Z,149.9192
2016-11-28 11:00:00Z,171.1268
2016-11-29 11:00:00Z,171.3998
2016-11-30 11:00:00Z,155.54
2016-12-01 11:00:00Z,120.0738
2016-12-02 11:00:00Z,110.6569
2016-12-03 11:00:00Z,111.2545
2016-12-04 11:00:00Z,110.6488
2016-12-05 11:00:00Z,113.073
2016-12-06 11:00:00Z,115.2251
2016-12-07 11:00:00Z,138.1899
2016-12-08 11:00:00Z,153.0643
2016-12-09 11:00:00Z,151.4612
2016-12-10 11:00:00Z,139.5029
2016-12-11 11:00:00Z,136.8274
2016-12-12 11:00:00Z,135.1233
2016-12-13 11:00:00Z,136.9692
2016-12-14 11:00:00Z,134.848
2016-12-15 11:00:00Z,134.2124
2016-12-16 11:00:00Z,133.6673
2016-12-17 11:00:00Z,133.5191
2016-12-18 11:00:00Z,134.0028
2016-12-19 11:00:00Z,133.2105
2016-12-20 11:00:00Z,133.6061
2016-12-21 11:00:00Z,134.3256
2016-12-22 11:00:00Z,137.705
2016-12-23 11:00:00Z,144.4123
2016-12-24 11:00:00Z,212.5635
2016-12-25 11:00:00Z,211.4755
2016-12-26 11:00:00Z,189.602
2016-12-27 11:00:00Z,201.044
2016-12-28 11:00:00Z,180.6697
2016-12-29 11:00:00Z,172.9377
2016-12-30 11:00:00Z,171.5493
2016-12-31 11:00:00Z,135.3152
2017-01-01 11:00:00Z,128.3373
2017-01-02 11:00:00Z,149.6128
2017-01-03 11:00:00Z,159.836
2017-01-04 11:00:00Z,160.7053
2017-01-05 11:00:00Z,159.7148
2017-01-06 11:00:00Z,159.3156
2017-01-07 11:00:00Z,146.3067
2017-01-08 11:00:00Z,143.868
2017-01-09 11:00:00Z,149.5811
2017-01-10 11:00:00Z,175.3104
2017-01-11 11:00:00Z,199.6476
2017-01-12 11:00:00Z,182.3937
2017-01-13 11:00:00Z,161.6759
2017-01-14 11:00:00Z,155.1135
2017-01-15 11:00:00Z,155.3092
2017-01-16 11:00:00Z,179.2872
2017-01-17 11:00:00Z,184.579
2017-01-18 11:00:00Z,183.2885
2017-01-19 11:00:00Z,164.0901
2017-01-20 11:00:00Z,155.3567
2017-01-21 11:00:00Z,153.6678
2017-01-22 11:00:00Z,153.4881
2017-01-23 11:00:00Z,152.4458
2017-01-24 11:00:00Z,154.1216
2017-01-25 11:00:00Z,153.9788
2017-01-26 11:00:00Z,153.9512
2017-01-27 11:00:00Z,152.8337
2017-01-28 11:00:00Z,130.4409
2017-01-29 11:00:00Z,128.2614
2017-01-30 11:00:00Z,145.8767
2017-01-31 11:00:00Z,156.7748
2017-02-01 11:00:00Z,149.5099
2017-02-02 11:00:00Z,125.7972
2017-02-03 11:00:00Z,126.4566
2017-02-04 11:00:00Z,126.5608
2017-02-05 11:00:00Z,125.7727
2017-02-06 11:00:00Z,124.8462
2017-02-07 11:00:00Z,137.7486
2017-02-08 11:00:00Z,141.212
2017-02-09 11:00:00Z,141.4047
2017-02-10 11:00:00Z,140.8764
2017-02-11 11:00:00Z,140.8711
2017-02-12 11:00:00Z,140.0283
2017-02-13 11:00:00Z,135.6184
2017-02-14 11:00:00Z,124.3543
2017-02-15 11:00:00Z,111.3968
2017-02-16 11:00:00Z,113.4344
2017-02-17 11:00:00Z,119.7059
2017-02-18 11:00:00Z,118.7476
2017-02-19 11:00:00Z,120.7895
2017-02-20 11:00:00Z,124.8078
2017-02-21 11:00:00Z,126.7287
2017-02-22 11:00:00Z,136.3453
2017-02-23 11:00:00Z,136.6579
2017-02-24 11:00:00Z,124.8895
2017-02-25 11:00:00Z,123.9137
2017-02-26 11:00:00Z,122.9566
2017-02-27 11:00:00Z,149.7227
2017-02-28 11:00:00Z,197.165
2017-03-01 11:00:00Z,187.5294
2017-03-02 11:00:00Z,162.0764
2017-03-03 11:00:00Z,146.5289
2017-03-04 11:00:00Z,129.6855
2017-03-05 11:00:00Z,126.4714
2017-03-06 11:00:00Z,146.4816
2017-03-07 11:00:00Z,154.5448
2017-03-08 11:00:00Z,153.2383
2017-03-09 11:00:00Z,149.1281
2017-03-10 11:00:00Z,151.6096
2017-03-11 11:00:00Z,152.3259
2017-03-12 11:00:00Z,157.6857
2017-03-13 11:00:00Z,156.9683
2017-03-14 11:00:00Z,157.7922
2017-03-15 11:00:00Z,160.1187
2017-03-16 11:00:00Z,157.6553
2017-03-17 11:00:00Z,158.0873
2017-03-18 11:00:00Z,154.8888
2017-03-19 11:00:00Z,150.7533
2017-03-20 11:00:00Z,147.9945
2017-03-21 11:00:00Z,153.8566
2017-03-22 11:00:00Z,151.4112
2017-03-23 11:00:00Z,150.2802
2017-03-24 11:00:00Z,154.5923
2017-03-25 11:00:00Z,169.2594
2017-03-26 11:00:00Z,174.4137
2017-03-27 11:00:00Z,171.7126
2017-03-28 11:00:00Z,173.375
2017-03-29 11:00:00Z,172.6461
2017-03-30 11:00:00Z,177.8076
2017-03-31 11:00:00Z,171.1858
2017-04-01 11:00:00Z,172.0903
2017-04-02 11:00:00Z,171.2239
2017-04-03 11:00:00Z,175.2583
2017-04-04 11:00:00Z,177.0167
2017-04-05 11:00:00Z,175.6221
2017-04-06 11:00:00Z,174.2764
2017-04-07 11:00:00Z,159.5714
2017-04-08 11:00:00Z,157.8759
2017-04-09 11:00:00Z,157.7202
2017-04-10 11:00:00Z,157.9985
2017-04-11 11:00:00Z,157.3395
2017-04-12 11:00:00Z,157.6305
2017-04-13 11:00:00Z,157.332
2017-04-14 11:00:00Z,155.689
2017-04-15 11:00:00Z,156.2481
2017-04-16 11:00:00Z,156.5219
2017-04-17 11:00:00Z,156.5587
2017-04-18 11:00:00Z,155.1227
2017-04-19 11:00:00Z,172.5768
2017-04-20 11:00:00Z,168.3191
2017-04-21 11:00:00Z,124.4061
2017-04-22 11:00:00Z,115.1033
2017-04-23 11:00:00Z,114.9593
2017-04-24 11:00:00Z,146.0207
2017-04-25 11:00:00Z,152.7948
2017-04-26 11:00:00Z,152.0314
2017-04-27 11:00:00Z,173.7383
2017-04-28 11:00:00Z,177.1974
2017-04-29 11:00:00Z,160.7202
2017-04-30 11:00:00Z,155.6793
2017-05-01 11:00:00Z,154.1715
2017-05-02 11:00:00Z,152.401
2017-05-03 11:00:00Z,150.6528
2017-05-04 11:00:00Z,150.8461
2017-05-05 11:00:00Z,149.5216
2017-05-06 11:00:00Z,148.4436
2017-05-07 11:00:00Z,148.1657
2017-05-08 11:00:00Z,150.2282
2017-05-09 11:00:00Z,147.2832
2017-05-10 11:00:00Z,147.6105
2017-05-11 11:00:00Z,146.9143
2017-05-12 11:00:00Z,147.0449
2017-05-13 11:00:00Z,121.8542
2017-05-14 11:00:00Z,123.2615
2017-05-15 11:00:00Z,122.6963
2017-05-16 11:00:00Z,127.3911
2017-05-17 11:00:00Z,157.699
2017-05-18 11:00:00Z,197.1912
2017-05-19 11:00:00Z,281.3495
2017-05-20 11:00:00Z,392.6326
2017-05-21 11:00:00Z,353.2851
2017-05-22 11:00:00Z,297.919
2017-05-23 11:00:00Z,214.7455
2017-05-24 11:00:00Z,204.4905
2017-05-25 11:00:00Z,183.3021
2017-05-26 11:00:00Z,180.8273
2017-05-27 11:00:00Z,141.7866
2017-05-28 11:00:00Z,137.75
2017-05-29 11:00:00Z,154.3591
2017-05-30 11:00:00Z,164.5351
2017-05-31 11:00:00Z,129.5714
2017-06-01 11:00:00Z,151.4249
2017-06-02 11:00:00Z,155.4093
2017-06-03 11:00:00Z,138.7313
2017-06-04 11:00:00Z,134.504
2017-06-05 11:00:00Z,133.9125
2017-06-06 11:00:00Z,144.6774
2017-06-07 11:00:00Z,197.7357
2017-06-08 11:00:00Z,239.6057
2017-06-09 11:00:00Z,309.2917
2017-06-10 11:00:00Z,433.485
2017-06-11 11:00:00Z,368.4318
2017-06-12 11:00:00Z,290.3654
2017-06-13 11:00:00Z,204.1523
2017-06-14 11:00:00Z,184.6702
2017-06-15 11:00:00Z,167.8061
2017-06-16 11:00:00Z,168.9036
2017-06-17 11:00:00Z,163.1904
2017-06-18 11:00:00Z,162.9002
2017-06-19 11:00:00Z,159.6699
2017-06-20 11:00:00Z,159.0219
2017-06-21 11:00:00Z,128.4961
2017-06-22 11:00:00Z,111.0681
2017-06-23 11:00:00Z,143.8653
2017-06-24 11:00:00Z,148.5909
2017-06-25 11:00:00Z,108.3708
2017-06-26 11:00:00Z,92.20209
2017-06-27 11:00:00Z,81.66064
2017-06-28 11:00:00Z,75.17274
2017-06-29 11:00:00Z,73.73833
2017-06-30 11:00:00Z,65.75095
2017-07-01 11:00:00Z,63.88337
2017-07-02 11:00:00Z,63.71605
2017-07-03 11:00:00Z,62.4315
2017-07-04 11:00:00Z,62.39514
2017-07-05 11:00:00Z,60.92941
2017-07-06 11:00:00Z,62.01017
2017-07-07 11:00:00Z,63.06955
2017-07-08 11:00:00Z,61.60617
2017-07-09 11:00:00Z,62.41765
2017-07-10 11:00:00Z,64.30198
2017-07-11 11:00:00Z,62.60741
2017-07-12 11:00:00Z,72.92815
2017-07-13 11:00:00Z,78.15762
2017-07-14 11:00:00Z,78.01385
2017-07-15 11:00:00Z,77.59932
2017-07-16 11:00:00Z,78.48281
2017-07-17 11:00:00Z,76.49142
2017-07-18 11:00:00Z,65.68483
2017-07-19 11:00:00Z,64.01009
2017-07-20 11:00:00Z,63.42257
2017-07-21 11:00:00Z,67.71522
2017-07-22 11:00:00Z,72.33181
2017-07-23 11:00:00Z,75.08168
2017-07-24 11:00:00Z,76.11826
2017-07-25 11:00:00Z,76.13038
2017-07-26 11:00:00Z,67.52532
2017-07-27 11:00:00Z,67.89515
2017-07-28 11:00:00Z,66.38851
2017-07-29 11:00:00Z,67.71846
2017-07-30 11:00:00Z,70.90058
2017-07-31 11:00:00Z,74.16133
2017-08-01 11:00:00Z,74.27754
2017-08-02 11:00:00Z,107.2545
2017-08-03 11:00:00Z,166.8521
2017-08-04 11:00:00Z,220.5995
2017-08-05 11:00:00Z,228.897
2017-08-06 11:00:00Z,208.8842
2017-08-07 11:00:00Z,170.0838
2017-08-08 11:00:00Z,151.5887
2017-08-09 11:00:00Z,112.1632
2017-08-10 11:00:00Z,108.6288
2017-08-11 11:00:00Z,86.87731
2017-08-12 11:00:00Z,82.44451
2017-08-13 11:00:00Z,84.5826
2017-08-14 11:00:00Z,78.12585
2017-08-15 11:00:00Z,84.5078
2017-08-16 11:00:00Z,83.62927
2017-08-17 11:00:00Z,87.41409
2017-08-18 11:00:00Z,92.4475
2017-08-19 11:00:00Z,90.12489
2017-08-20 11:00:00Z,88.48116
2017-08-21 11:00:00Z,88.90184
2017-08-22 11:00:00Z,87.93024
2017-08-23 11:00:00Z,86.48474
2017-08-24 11:00:00Z,84.40079
2017-08-25 11:00:00Z,89.17507
2017-08-26 11:00:00Z,87.97538
2017-08-27 11:00:00Z,87.71529
2017-08-28 11:00:00Z,87.122
2017-08-29 11:00:00Z,86.77563
2017-08-30 11:00:00Z,86.65691
2017-08-31 11:00:00Z,86.9583
2017-09-01 11:00:00Z,86.77412
2017-09-02 11:00:00Z,86.79949
2017-09-03 11:00:00Z,87.0116
2017-09-04 11:00:00Z,82.38377
2017-09-05 11:00:00Z,88.37804
2017-09-06 11:00:00Z,98.23981
2017-09-07 11:00:00Z,104.0807
2017-09-08 11:00:00Z,112.9765
2017-09-09 11:00:00Z,334.2753
2017-09-10 11:00:00Z,443.5241
2017-09-11 11:00:00Z,504.1167
2017-09-12 11:00:00Z,573.0887
2017-09-13 11:00:00Z,507.0351
2017-09-14 11:00:00Z,339.639
2017-09-15 11:00:00Z,238.092
2017-09-16 11:00:00Z,214.345
2017-09-17 11:00:00Z,197.5853
2017-09-18 11:00:00Z,193.6115
2017-09-19 11:00:00Z,192.5841
2017-09-20 11:00:00Z,192.3455
2017-09-21 11:00:00Z,195.3526
2017-09-22 11:00:00Z,194.3914
2017-09-23 11:00:00Z,195.4929
2017-09-24 11:00:00Z,194.424
2017-09-25 11:00:00Z,194.3883
2017-09-26 11:00:00Z,197.5621
2017-09-27 11:00:00Z,225.7389
2017-09-28 11:00:00Z,246.2718
2017-09-29 11:00:00Z,316.7881
2017-09-30 11:00:00Z,622.9352
2017-10-01 11:00:00Z,1008.188
2017-10-02 11:00:00Z,938.3664
2017-10-03 11:00:00Z,891.537
2017-10-04 11:00:00Z,585.7357
2017-10-05 11:00:00Z,301.5469
2017-10-06 11:00:00Z,228.6223
2017-10-07 11:00:00Z,222.3188
2017-10-08 11:00:00Z,194.0457
2017-10-09 11:00:00Z,181.2458
2017-10-10 11:00:00Z,184.4859
2017-10-11 11:00:00Z,187.068
2017-10-12 11:00:00Z,190.6583
2017-10-13 11:00:00Z,187.7121
2017-10-14 11:00:00Z,190.0044
2017-10-15 11:00:00Z,187.1411
2017-10-16 11:00:00Z,187.9631
2017-10-17 11:00:00Z,187.4076
2017-10-18 11:00:00Z,188.4772
2017-10-19 11:00:00Z,187.2791
2017-10-20 11:00:00Z,197.3753
2017-10-21 11:00:00Z,233.7
2017-10-22 11:00:00Z,354.1826
2017-10-23 11:00:00Z,298.7704
2017-10-24 11:00:00Z,295.7931
2017-10-25 11:00:00Z,289.6603
2017-10-26 11:00:00Z,230.9949
2017-10-27 11:00:00Z,219.4758
2017-10-28 11:00:00Z,182.0882
2017-10-29 11:00:00Z,179.8709
2017-10-30 11:00:00Z,181.6562
2017-10-31 11:00:00Z,181.434
2017-11-01 11:00:00Z,179.1158
2017-11-02 11:00:00Z,180.3876
2017-11-03 11:00:00Z,180.868
2017-11-04 11:00:00Z,180.9474
2017-11-05 11:00:00Z,182.3987
2017-11-06 11:00:00Z,181.4977
2017-11-07 11:00:00Z,181.2354
2017-11-08 11:00:00Z,180.2118
2017-11-09 11:00:00Z,181.528
2017-11-10 11:00:00Z,182.2127
2017-11-11 11:00:00Z,182.1436
2017-11-12 11:00:00Z,181.5592
2017-11-13 11:00:00Z,180.0629
2017-11-14 11:00:00Z,182.6005
2017-11-15 11:00:00Z,180.547
2017-11-16 11:00:00Z,179.7945
2017-11-17 11:00:00Z,180.1046
2017-11-18 11:00:00Z,180.3788
2017-11-19 11:00:00Z,180.3163
2017-11-20 11:00:00Z,179.0771
2017-11-21 11:00:00Z,179.2349
2017-11-22 11:00:00Z,180.469
2017-11-23 11:00:00Z,323.5504
2017-11-24 11:00:00Z,305.4291
2017-11-25 11:00:00Z,214.2443
2017-11-26 11:00:00Z,208.1878
2017-11-27 11:00:00Z,192.9869
2017-11-28 11:00:00Z,179.5504
2017-11-29 11:00:00Z,173.2095
2017-11-30 11:00:00Z,171.0233
2017-12-01 11:00:00Z,168.4058
2017-12-02 11:00:00Z,167.3917
2017-12-03 11:00:00Z,167.3917
2017-12-04 11:00:00Z,174.0227
2017-12-05 11:00:00Z,176.995
2017-12-06 11:00:00Z,174.7136
2017-12-07 11:00:00Z,211.7934
2017-12-08 11:00:00Z,225.7079
2017-12-09 11:00:00Z,179.7473
2017-12-10 11:00:00Z,176.348
2017-12-11 11:00:00Z,177.3535
2017-12-12 11:00:00Z,177.335
2017-12-13 11:00:00Z,178.8251
2017-12-14 11:00:00Z,178.9974
2017-12-15 11:00:00Z,180.3212
2017-12-16 11:00:00Z,178.3443
2017-12-17 11:00:00Z,176.6095
2017-12-18 11:00:00Z,178.5343
2017-12-19 11:00:00Z,179.1781
2017-12-20 11:00:00Z,176.5482
2017-12-21 11:00:00Z,178.0271
2017-12-22 11:00:00Z,178.0005
2017-12-23 11:00:00Z,180.7613
2017-12-24 11:00:00Z,185.3284
2017-12-25 11:00:00Z,183.573
2017-12-26 11:00:00Z,206.83
2017-12-27 11:00:00Z,207.0029
2017-12-28 11:00:00Z,186.8686
2017-12-29 11:00:00Z,184.3515
2017-12-30 11:00:00Z,182.74
2017-12-31 11:00:00Z,183.3291
2018-01-01 11:00:00Z,183.7018
2018-01-02 11:00:00Z,183.6387
2018-01-03 11:00:00Z,184.6203
2018-01-04 11:00:00Z,184.9374
2018-01-05 11:00:00Z,182.3154
2018-01-06 11:00:00Z,179.5238
2018-01-07 11:00:00Z,176.6282
2018-01-08 11:00:00Z,175.0518
2018-01-09 11:00:00Z,173.8195
2018-01-10 11:00:00Z,173.9749
2018-01-11 11:00:00Z,171.7666
2018-01-12 11:00:00Z,172.6097
2018-01-13 11:00:00Z,93.81674
2018-01-14 11:00:00Z,83.13654
2018-01-15 11:00:00Z,82.56418
2018-01-16 11:00:00Z,83.41034
2018-01-17 11:00:00Z,102.0182
2018-01-18 11:00:00Z,156.225
2018-01-19 11:00:00Z,182.7856
2018-01-20 11:00:00Z,159.3406
2018-01-21 11:00:00Z,155.312
2018-01-22 11:00:00Z,168.0523
2018-01-23 11:00:00Z,175.6703
2018-01-24 11:00:00Z,180.7227
2018-01-25 11:00:00Z,228.2921
2018-01-26 11:00:00Z,187.9921
2018-01-27 11:00:00Z,184.3831
2018-01-28 11:00:00Z,167.2197
2018-01-29 11:00:00Z,180.2597
2018-01-30 11:00:00Z,183.4059
2018-01-31 11:00:00Z,189.5224
2018-02-01 11:00:00Z,191.7477
2018-02-02 11:00:00Z,196.2419
2018-02-03 11:00:00Z,170.7054
2018-02-04 11:00:00Z,163.1675
2018-02-05 11:00:00Z,181.6
2018-02-06 11:00:00Z,188.9904
2018-02-07 11:00:00Z,183.9421
2018-02-08 11:00:00Z,125.829
2018-02-09 11:00:00Z,170.6719
2018-02-10 11:00:00Z,156.5079
2018-02-11 11:00:00Z,156.2449
2018-02-12 11:00:00Z,165.1006
2018-02-13 11:00:00Z,165.9181
2018-02-14 11:00:00Z,166.9109
2018-02-15 11:00:00Z,167.4877
2018-02-16 11:00:00Z,166.7296
2018-02-17 11:00:00Z,153.1855
2018-02-18 11:00:00Z,153.2325
2018-02-19 11:00:00Z,174.7446
2018-02-20 11:00:00Z,188.5282
2018-02-21 11:00:00Z,162.7004
2018-02-22 11:00:00Z,162.3361
2018-02-23 11:00:00Z,159.4666
2018-02-24 11:00:00Z,106.4364
2018-02-25 11:00:00Z,102.5916
2018-02-26 11:00:00Z,140.7329
2018-02-27 11:00:00Z,162.9039
2018-02-28 11:00:00Z,162.9591
2018-03-01 11:00:00Z,161.2769
2018-03-02 11:00:00Z,160.2387
2018-03-03 11:00:00Z,98.74274
2018-03-04 11:00:00Z,95.74586
2018-03-05 11:00:00Z,150.6222
2018-03-06 11:00:00Z,182.503
2018-03-07 11:00:00Z,183.4215
2018-03-08 11:00:00Z,182.8823
2018-03-09 11:00:00Z,181.5285
2018-03-10 11:00:00Z,182.1247
2018-03-11 11:00:00Z,184.4402
2018-03-12 11:00:00Z,183.2603
2018-03-13 11:00:00Z,182.4725
2018-03-14 11:00:00Z,181.626
2018-03-15 11:00:00Z,98.09932
2018-03-16 11:00:00Z,93.87109
2018-03-17 11:00:00Z,91.08751
2018-03-18 11:00:00Z,90.62603
2018-03-19 11:00:00Z,147.5409
2018-03-20 11:00:00Z,183.6702
2018-03-21 11:00:00Z,184.4936
2018-03-22 11:00:00Z,185.1588
2018-03-23 11:00:00Z,184.7577
2018-03-24 11:00:00Z,139.4904
2018-03-25 11:00:00Z,139.0349
2018-03-26 11:00:00Z,174.0765
2018-03-27 11:00:00Z,187.5238
2018-03-28 11:00:00Z,185.8618
2018-03-29 11:00:00Z,185.5085
2018-03-30 11:00:00Z,186.9099
2018-03-31 11:00:00Z,177.7494
2018-04-01 11:00:00Z,169.1184
2018-04-02 11:00:00Z,157.9013
2018-04-03 11:00:00Z,107.0275
2018-04-04 11:00:00Z,108.4634
2018-04-05 11:00:00Z,111.3462
2018-04-06 11:00:00Z,128.2815
2018-04-07 11:00:00Z,193.9629
2018-04-08 11:00:00Z,189.9749
2018-04-09 11:00:00Z,192.437
2018-04-10 11:00:00Z,192.726
2018-04-11 11:00:00Z,184.9188
2018-04-12 11:00:00Z,183.358
2018-04-13 11:00:00Z,185.1987
2018-04-14 11:00:00Z,232.5145
2018-04-15 11:00:00Z,253.3281
2018-04-16 11:00:00Z,247.8562
2018-04-17 11:00:00Z,233.7015
2018-04-18 11:00:00Z,241.618
2018-04-19 11:00:00Z,248.1505
2018-04-20 11:00:00Z,266.3096
2018-04-21 11:00:00Z,266.9508
2018-04-22 11:00:00Z,254.1708
2018-04-23 11:00:00Z,240.9609
2018-04-24 11:00:00Z,232.0379
2018-04-25 11:00:00Z,238.033
2018-04-26 11:00:00Z,234.3382
2018-04-27 11:00:00Z,231.133
2018-04-28 11:00:00Z,222.3174
2018-04-29 11:00:00Z,225.4219
2018-04-30 11:00:00Z,223.5815
2018-05-01 11:00:00Z,235.8789
2018-05-02 11:00:00Z,231.4546
2018-05-03 11:00:00Z,231.2063
2018-05-04 11:00:00Z,228.3429
2018-05-05 11:00:00Z,227.423
2018-05-06 11:00:00Z,225.8427
2018-05-07 11:00:00Z,222.7373
2018-05-08 11:00:00Z,222.3522
2018-05-09 11:00:00Z,219.0633
2018-05-10 11:00:00Z,221.7188
2018-05-11 11:00:00Z,232.3142
2018-05-12 11:00:00Z,225.9929
2018-05-13 11:00:00Z,222.5967
2018-05-14 11:00:00Z,220.0263
2018-05-15 11:00:00Z,215.1192
2018-05-16 11:00:00Z,177.7465
2018-05-17 11:00:00Z,148.1511
2018-05-18 11:00:00Z,143.5508
2018-05-19 11:00:00Z,142.3747
2018-05-20 11:00:00Z,142.2378
2018-05-21 11:00:00Z,142.2908
2018-05-22 11:00:00Z,142.5804
2018-05-23 11:00:00Z,141.4852
2018-05-24 11:00:00Z,141.3757
2018-05-25 11:00:00Z,136.9246
2018-05-26 11:00:00Z,82.29561
2018-05-27 11:00:00Z,81.4315
2018-05-28 11:00:00Z,81.0605
2018-05-29 11:00:00Z,118.1814
2018-05-30 11:00:00Z,139.5263
2018-05-31 11:00:00Z,139.6669
2018-06-01 11:00:00Z,137.6443
2018-06-02 11:00:00Z,134.8559
2018-06-03 11:00:00Z,122.2393
2018-06-04 11:00:00Z,84.99763
2018-06-05 11:00:00Z,84.85033
2018-06-06 11:00:00Z,81.3604
2018-06-07 11:00:00Z,80.89999
2018-06-08 11:00:00Z,95.42195
2018-06-09 11:00:00Z,91.85873
2018-06-10 11:00:00Z,84.31266
2018-06-11 11:00:00Z,84.50257
2018-06-12 11:00:00Z,84.73829
2018-06-13 11:00:00Z,82.91203
2018-06-14 11:00:00Z,71.03426
2018-06-15 11:00:00Z,70.9586
2018-06-16 11:00:00Z,78.33046
2018-06-17 11:00:00Z,79.69486
2018-06-18 11:00:00Z,80.3099
2018-06-19 11:00:00Z,73.69173
2018-06-20 11:00:00Z,75.67799
2018-06-21 11:00:00Z,78.14982
2018-06-22 11:00:00Z,77.32088
2018-06-23 11:00:00Z,76.30447
2018-06-24 11:00:00Z,76.34624
2018-06-25 11:00:00Z,76.85305
2018-06-26 11:00:00Z,76.22084
2018-06-27 11:00:00Z,76.5084
2018-06-28 11:00:00Z,76.32227
2018-06-29 11:00:00Z,75.12544
2018-06-30 11:00:00Z,63.33169
2018-07-01 11:00:00Z,63.69685
2018-07-02 11:00:00Z,63.68858
2018-07-03 11:00:00Z,86.08018
2018-07-04 11:00:00Z,95.66615
2018-07-05 11:00:00Z,95.17866
2018-07-06 11:00:00Z,95.00365
2018-07-07 11:00:00Z,67.61618
2018-07-08 11:00:00Z,66.8802
2018-07-09 11:00:00Z,66.95586
2018-07-10 11:00:00Z,66.55121
2018-07-11 11:00:00Z,83.59269
2018-07-12 11:00:00Z,92.79359
2018-07-13 11:00:00Z,91.79893
2018-07-14 11:00:00Z,78.53925
2018-07-15 11:00:00Z,76.99152
2018-07-16 11:00:00Z,76.52647
2018-07-17 11:00:00Z,76.01965
2018-07-18 11:00:00Z,75.21043
2018-07-19 11:00:00Z,74.85983
2018-07-20 11:00:00Z,67.21348
2018-07-21 11:00:00Z,60.37703
2018-07-22 11:00:00Z,58.22896
2018-07-23 11:00:00Z,58.92377
2018-07-24 11:00:00Z,60.02001
2018-07-25 11:00:00Z,59.22398
2018-07-26 11:00:00Z,59.10328
2018-07-27 11:00:00Z,59.31647
2018-07-28 11:00:00Z,59.49652
2018-07-29 11:00:00Z,59.57152
2018-07-30 11:00:00Z,58.39434
2018-07-31 11:00:00Z,58.60778
2018-08-01 11:00:00Z,58.96552
2018-08-02 11:00:00Z,57.70268
2018-08-03 11:00:00Z,56.27583
2018-08-04 11:00:00Z,56.55451
2018-08-05 11:00:00Z,56.36278
2018-08-06 11:00:00Z,56.60637
2018-08-07 11:00:00Z,56.60664
2018-08-08 11:00:00Z,56.74831
2018-08-09 11:00:00Z,56.51941
2018-08-10 11:00:00Z,58.85462
2018-08-11 11:00:00Z,62.83534
2018-08-12 11:00:00Z,59.85313
2018-08-13 11:00:00Z,57.57409
2018-08-14 11:00:00Z,57.62661
2018-08-15 11:00:00Z,57.53717
2018-08-16 11:00:00Z,77.92594
2018-08-17 11:00:00Z,92.6079
2018-08-18 11:00:00Z,92.15834
2018-08-19 11:00:00Z,92.18059
2018-08-20 11:00:00Z,101.181
2018-08-21 11:00:00Z,103.4859
2018-08-22 11:00:00Z,105.3663
2018-08-23 11:00:00Z,88.92625
2018-08-24 11:00:00Z,88.87527
2018-08-25 11:00:00Z,73.78905
2018-08-26 11:00:00Z,74.39139
2018-08-27 11:00:00Z,85.69321
2018-08-28 11:00:00Z,102.4882
2018-08-29 11:00:00Z,110.4394
2018-08-30 11:00:00Z,113.1329
2018-08-31 11:00:00Z,113.53
2018-09-01 11:00:00Z,111.7134
2018-09-02 11:00:00Z,110.8914
2018-09-03 11:00:00Z,139.9266
2018-09-04 11:00:00Z,168.3738
2018-09-05 11:00:00Z,180.1791
2018-09-06 11:00:00Z,179.0554
2018-09-07 11:00:00Z,187.0768
2018-09-08 11:00:00Z,352.1796
2018-09-09 11:00:00Z,276.7015
2018-09-10 11:00:00Z,247.3149
2018-09-11 11:00:00Z,240.9623
2018-09-12 11:00:00Z,219.0889
2018-09-13 11:00:00Z,180.2984
2018-09-14 11:00:00Z,164.0264
2018-09-15 11:00:00Z,154.1827
2018-09-16 11:00:00Z,139.6387
2018-09-17 11:00:00Z,164.0694
2018-09-18 11:00:00Z,158.6614
2018-09-19 11:00:00Z,176.5675
2018-09-20 11:00:00Z,204.9024
2018-09-21 11:00:00Z,254.8286
2018-09-22 11:00:00Z,395.1634
2018-09-23 11:00:00Z,336.6132
2018-09-24 11:00:00Z,271.5141
2018-09-25 11:00:00Z,210.0275
2018-09-26 11:00:00Z,200.5825
2018-09-27 11:00:00Z,198.9599
2018-09-28 11:00:00Z,197.286
2018-09-29 11:00:00Z,196.4689
2018-09-30 11:00:00Z,195.2668
2018-10-01 11:00:00Z,195.589
2018-10-02 11:00:00Z,177.4699
2018-10-03 11:00:00Z,164.9012
2018-10-04 11:00:00Z,121.5862
2018-10-05 11:00:00Z,118.3749
2018-10-06 11:00:00Z,117.7636
2018-10-07 11:00:00Z,117.6617
2018-10-08 11:00:00Z,118.7767
2018-10-09 11:00:00Z,119.0052
2018-10-10 11:00:00Z,119.5399
2018-10-11 11:00:00Z,119.0824
2018-10-12 11:00:00Z,118.3456
2018-10-13 11:00:00Z,118.2774
2018-10-14 11:00:00Z,119.0571
2018-10-15 11:00:00Z,117.2828
2018-10-16 11:00:00Z,117.2826
2018-10-17 11:00:00Z,117.2008
2018-10-18 11:00:00Z,116.9299
2018-10-19 11:00:00Z,116.2253
2018-10-20 11:00:00Z,109.3185
2018-10-21 11:00:00Z,73.38331
2018-10-22 11:00:00Z,71.79799
2018-10-23 11:00:00Z,75.23817
2018-10-24 11:00:00Z,77.07455
2018-10-25 11:00:00Z,115.8206
2018-10-26 11:00:00Z,141.3464
2018-10-27 11:00:00Z,141.209
2018-10-28 11:00:00Z,142.2619
2018-10-29 11:00:00Z,142.4851
2018-10-30 11:00:00Z,145.0971
2018-10-31 11:00:00Z,148.589
2018-11-01 11:00:00Z,150.2969
2018-11-02 11:00:00Z,153.489
2018-11-03 11:00:00Z,153.631
2018-11-04 11:00:00Z,151.3854
2018-11-05 11:00:00Z,166.0986
2018-11-06 11:00:00Z,178.8108
2018-11-07 11:00:00Z,175.0266
2018-11-08 11:00:00Z,175.382
2018-11-09 11:00:00Z,178.962
2018-11-10 11:00:00Z,194.892
2018-11-11 11:00:00Z,258.112
2018-11-12 11:00:00Z,241.5222
2018-11-13 11:00:00Z,214.3555
2018-11-14 11:00:00Z,214.0932
2018-11-15 11:00:00Z,197.8505
2018-11-16 11:00:00Z,192.4095
2018-11-17 11:00:00Z,185.0334
2018-11-18 11:00:00Z,182.0311
2018-11-19 11:00:00Z,181.278
2018-11-20 11:00:00Z,185.7653
2018-11-21 11:00:00Z,188.6369
2018-11-22 11:00:00Z,188.1228
2018-11-23 11:00:00Z,189.7065
2018-11-24 11:00:00Z,188.2821
2018-11-25 11:00:00Z,188.2501
2018-11-26 11:00:00Z,188.387
2018-11-27 11:00:00Z,190.5623
2018-11-28 11:00:00Z,190.3693
2018-11-29 11:00:00Z,188.0342
2018-11-30 11:00:00Z,255.3979
2018-12-01 11:00:00Z,228.4371
2018-12-02 11:00:00Z,214.7048
2018-12-03 11:00:00Z,223.1863
2018-12-04 11:00:00Z,221.6689
2018-12-05 11:00:00Z,211.8381
2018-12-06 11:00:00Z,205.335
2018-12-07 11:00:00Z,205.8407
2018-12-08 11:00:00Z,218.9217
2018-12-09 11:00:00Z,216.5869
2018-12-10 11:00:00Z,207.1435
2018-12-11 11:00:00Z,201.5134
2018-12-12 11:00:00Z,199.6847
2018-12-13 11:00:00Z,185.2779
2018-12-14 11:00:00Z,167.6691
2018-12-15 11:00:00Z,161.1178
2018-12-16 11:00:00Z,160.6196
2018-12-17 11:00:00Z,164.4655
2018-12-18 11:00:00Z,184.7342
2018-12-19 11:00:00Z,183.4291
2018-12-20 11:00:00Z,164.7639
2018-12-21 11:00:00Z,197.994
2018-12-22 11:00:00Z,167.7528
2018-12-23 11:00:00Z,155.8774
2018-12-24 11:00:00Z,149.5857
2018-12-25 11:00:00Z,150.1304
2018-12-26 11:00:00Z,152.3078
2018-12-27 11:00:00Z,152.4819
2018-12-28 11:00:00Z,153.4288
2018-12-29 11:00:00Z,149.3324
2018-12-30 11:00:00Z,127.6641
2018-12-31 11:00:00Z,123.9627
2019-01-01 11:00:00Z,130.7628
2019-01-02 11:00:00Z,140.3066
2019-01-03 11:00:00Z,145.0005
2019-01-04 11:00:00Z,144.1604
2019-01-05 11:00:00Z,143.825
2019-01-06 11:00:00Z,143.5473
2019-01-07 11:00:00Z,
2019-01-08 11:00:00Z,
2019-01-09 11:00:00Z,
2019-01-10 11:00:00Z,
2019-01-11 11:00:00Z,
2019-01-12 11:00:00Z,
2019-01-13 11:00:00Z,
2019-01-14 11:00:00Z,
2019-01-15 11:00:00Z,
2019-01-16 11:00:00Z,
2019-01-17 11:00:00Z,
2019-01-18 11:00:00Z,
2019-01-19 11:00:00Z,
2019-01-20 11:00:00Z,
2019-01-21 11:00:00Z,
2019-01-22 11:00:00Z,
2019-01-23 11:00:00Z,
2019-01-24 11:00:00Z,
2019-01-25 11:00:00Z,
2019-01-26 11:00:00Z,
2019-01-27 11:00:00Z,
2019-01-28 11:00:00Z,
2019-01-29 11:00:00Z,
2019-01-30 11:00:00Z,
2019-01-31 11:00:00Z,
2019-02-01 11:00:00Z,
2019-02-02 11:00:00Z,
2019-02-03 11:00:00Z,
2019-02-04 11:00:00Z,
2019-02-05 11:00:00Z,
2019-02-06 11:00:00Z,
2019-02-07 11:00:00Z,
2019-02-08 11:00:00Z,
2019-02-09 11:00:00Z,
2019-02-10 11:00:00Z,
2019-02-11 11:00:00Z,
2019-02-12 11:00:00Z,
2019-02-13 11:00:00Z,
2019-02-14 11:00:00Z,
2019-02-15 11:00:00Z,
2019-02-16 11:00:00Z,
2019-02-17 11:00:00Z,
2019-02-18 11:00:00Z,
2019-02-19 11:00:00Z,
2019-02-20 11:00:00Z,
2019-02-21 11:00:00Z,
2019-02-22 11:00:00Z,
2019-02-23 11:00:00Z,
2019-02-24 11:00:00Z,
2019-02-25 11:00:00Z,
2019-02-26 11:00:00Z,
2019-02-27 11:00:00Z,
2019-02-28 11:00:00Z,
2019-03-01 11:00:00Z,
2019-03-02 11:00:00Z,
2019-03-03 11:00:00Z,
2019-03-04 11:00:00Z,
2019-03-05 11:00:00Z,
2019-03-06 11:00:00Z,
2019-03-07 11:00:00Z,
2019-03-08 11:00:00Z,
2019-03-09 11:00:00Z,
2019-03-10 11:00:00Z,
2019-03-11 11:00:00Z,
2019-03-12 11:00:00Z,
2019-03-13 11:00:00Z,
2019-03-14 11:00:00Z,
2019-03-15 11:00:00Z,
2019-03-16 11:00:00Z,
2019-03-17 11:00:00Z,
2019-03-18 11:00:00Z,
2019-03-19 11:00:00Z,
2019-03-20 11:00:00Z,
2019-03-21 11:00:00Z,
2019-03-22 11:00:00Z,
2019-03-23 11:00:00Z,
2019-03-24 11:00:00Z,
2019-03-25 11:00:00Z,
2019-03-26 11:00:00Z,
2019-03-27 11:00:00Z,
2019-03-28 11:00:00Z,
2019-03-29 11:00:00Z,
2019-03-30 11:00:00Z,
2019-03-31 11:00:00Z,
2019-04-01 11:00:00Z,
2019-04-02 11:00:00Z,
2019-04-03 11:00:00Z,
2019-04-04 11:00:00Z,
2019-04-05 11:00:00Z,
2019-04-06 11:00:00Z,
2019-04-07 11:00:00Z,
2019-04-08 11:00:00Z,
2019-04-09 11:00:00Z,
2019-04-10 11:00:00Z,
2019-04-11 11:00:00Z,
2019-04-12 11:00:00Z,
2019-04-13 11:00:00Z,
2019-04-14 11:00:00Z,
2019-04-15 11:00:00Z,
2019-04-16 11:00:00Z,
2019-04-17 11:00:00Z,
2019-04-18 11:00:00Z,
2019-04-19 11:00:00Z,
2019-04-20 11:00:00Z,
2019-04-21 11:00:00Z,
2019-04-22 11:00:00Z,
2019-04-23 11:00:00Z,
2019-04-24 11:00:00Z,
2019-04-25 11:00:00Z,
2019-04-26 11:00:00Z,
2019-04-27 11:00:00Z,
2019-04-28 11:00:00Z,
2019-04-29 11:00:00Z,
2019-04-30 11:00:00Z,
2019-05-01 11:00:00Z,
2019-05-02 11:00:00Z,
2019-05-03 11:00:00Z,
2019-05-04 11:00:00Z,
2019-05-05 11:00:00Z,
2019-05-06 11:00:00Z,
2019-05-07 11:00:00Z,
2019-05-08 11:00:00Z,
2019-05-09 11:00:00Z,
2019-05-10 11:00:00Z,
2019-05-11 11:00:00Z,
2019-05-12 11:00:00Z,
2019-05-13 11:00:00Z,
2019-05-14 11:00:00Z,
2019-05-15 11:00:00Z,
2019-05-16 11:00:00Z,
2019-05-17 11:00:00Z,
2019-05-18 11:00:00Z,
2019-05-19 11:00:00Z,
2019-05-20 11:00:00Z,
2019-05-21 11:00:00Z,
2019-05-22 11:00:00Z,
2019-05-23 11:00:00Z,
2019-05-24 11:00:00Z,
2019-05-25 11:00:00Z,
2019-05-26 11:00:00Z,
2019-05-27 11:00:00Z,
2019-05-28 11:00:00Z,
2019-05-29 11:00:00Z,
2019-05-30 11:00:00Z,
2019-05-31 11:00:00Z,
2019-06-01 11:00:00Z,
2019-06-02 11:00:00Z,
2019-06-03 11:00:00Z,
2019-06-04 11:00:00Z,
2019-06-05 11:00:00Z,
2019-06-06 11:00:00Z,
2019-06-07 11:00:00Z,
2019-06-08 11:00:00Z,
2019-06-09 11:00:00Z,
2019-06-10 11:00:00Z,
2019-06-11 11:00:00Z,
2019-06-12 11:00:00Z,
2019-06-13 11:00:00Z,
2019-06-14 11:00:00Z,
2019-06-15 11:00:00Z,
2019-06-16 11:00:00Z,
2019-06-17 11:00:00Z,
2019-06-18 11:00:00Z,
2019-06-19 11:00:00Z,
2019-06-20 11:00:00Z,
2019-06-21 11:00:00Z,
2019-06-22 11:00:00Z,
2019-06-23 11:00:00Z,
2019-06-24 11:00:00Z,
2019-06-25 11:00:00Z,
2019-06-26 11:00:00Z,
2019-06-27 11:00:00Z,
2019-06-28 11:00:00Z,
2019-06-29 11:00:00Z,
2019-06-30 11:00:00Z,
2019-07-01 11:00:00Z,
2019-07-02 11:00:00Z,
2019-07-03 11:00:00Z,
2019-07-04 11:00:00Z,
2019-07-05 11:00:00Z,
2019-07-06 11:00:00Z,
2019-07-07 11:00:00Z,
2019-07-08 11:00:00Z,
2019-07-09 11:00:00Z,
2019-07-10 11:00:00Z,
2019-07-11 11:00:00Z,
2019-07-12 11:00:00Z,
2019-07-13 11:00:00Z,
2019-07-14 11:00:00Z,
2019-07-15 11:00:00Z,
2019-07-16 11:00:00Z,
2019-07-17 11:00:00Z,
2019-07-18 11:00:00Z,
2019-07-19 11:00:00Z,
2019-07-20 11:00:00Z,
2019-07-21 11:00:00Z,
2019-07-22 11:00:00Z,
2019-07-23 11:00:00Z,
2019-07-24 11:00:00Z,
2019-07-25 11:00:00Z,
2019-07-26 11:00:00Z,
2019-07-27 11:00:00Z,
2019-07-28 11:00:00Z,
2019-07-29 11:00:00Z,
2019-07-30 11:00:00Z,
2019-07-31 11:00:00Z,
2019-08-01 11:00:00Z,
2019-08-02 11:00:00Z,
2019-08-03 11:00:00Z,
2019-08-04 11:00:00Z,
2019-08-05 11:00:00Z,
2019-08-06 11:00:00Z,
2019-08-07 11:00:00Z,
2019-08-08 11:00:00Z,
2019-08-09 11:00:00Z,
2019-08-10 11:00:00Z,
2019-08-11 11:00:00Z,
2019-08-12 11:00:00Z,
2019-08-13 11:00:00Z,
2019-08-14 11:00:00Z,
2019-08-15 11:00:00Z,
2019-08-16 11:00:00Z,
2019-08-17 11:00:00Z,
2019-08-18 11:00:00Z,
2019-08-19 11:00:00Z,
2019-08-20 11:00:00Z,
2019-08-21 11:00:00Z,
2019-08-22 11:00:00Z,
2019-08-23 11:00:00Z,
2019-08-24 11:00:00Z,
2019-08-25 11:00:00Z,
2019-08-26 11:00:00Z,
2019-08-27 11:00:00Z,
2019-08-28 11:00:00Z,
2019-08-29 11:00:00Z,
2019-08-30 11:00:00Z,
2019-08-31 11:00:00Z,
2019-09-01 11:00:00Z,
2019-09-02 11:00:00Z,
2019-09-03 11:00:00Z,
2019-09-04 11:00:00Z,
2019-09-05 11:00:00Z,
2019-09-06 11:00:00Z,
2019-09-07 11:00:00Z,
2019-09-08 11:00:00Z,
2019-09-09 11:00:00Z,
2019-09-10 11:00:00Z,
2019-09-11 11:00:00Z,
2019-09-12 11:00:00Z,
2019-09-13 11:00:00Z,
2019-09-14 11:00:00Z,
2019-09-15 11:00:00Z,
2019-09-16 11:00:00Z,
2019-09-17 11:00:00Z,
2019-09-18 11:00:00Z,
2019-09-19 11:00:00Z,
2019-09-20 11:00:00Z,
2019-09-21 11:00:00Z,
2019-09-22 11:00:00Z,
2019-09-23 11:00:00Z,
2019-09-24 11:00:00Z,
2019-09-25 11:00:00Z,
2019-09-26 11:00:00Z,
2019-09-27 11:00:00Z,
2019-09-28 11:00:00Z,
2019-09-29 11:00:00Z,
2019-09-30 11:00:00Z,
2019-10-01 11:00:00Z,
2019-10-02 11:00:00Z,
2019-10-03 11:00:00Z,
2019-10-04 11:00:00Z,
2019-10-05 11:00:00Z,
2019-10-06 11:00:00Z,
2019-10-07 11:00:00Z,
2019-10-08 11:00:00Z,
2019-10-09 11:00:00Z,
2019-10-10 11:00:00Z,
2019-10-11 11:00:00Z,
2019-10-12 11:00:00Z,
2019-10-13 11:00:00Z,
2019-10-14 11:00:00Z,
2019-10-15 11:00:00Z,
2019-10-16 11:00:00Z,
2019-10-17 11:00:00Z,
2019-10-18 11:00:00Z,
2019-10-19 11:00:00Z,
2019-10-20 11:00:00Z,
2019-10-21 11:00:00Z,
2019-10-22 11:00:00Z,
2019-10-23 11:00:00Z,
2019-10-24 11:00:00Z,
2019-10-25 11:00:00Z,
2019-10-26 11:00:00Z,
2019-10-27 11:00:00Z,
2019-10-28 11:00:00Z,
2019-10-29 11:00:00Z,
2019-10-30 11:00:00Z,
2019-10-31 11:00:00Z,
2019-11-01 11:00:00Z,
2019-11-02 11:00:00Z,
2019-11-03 11:00:00Z,
2019-11-04 11:00:00Z,
2019-11-05 11:00:00Z,
2019-11-06 11:00:00Z,
2019-11-07 11:00:00Z,
2019-11-08 11:00:00Z,
2019-11-09 11:00:00Z,
2019-11-10 11:00:00Z,
2019-11-11 11:00:00Z,
2019-11-12 11:00:00Z,
2019-11-13 11:00:00Z,
2019-11-14 11:00:00Z,
2019-11-15 11:00:00Z,
2019-11-16 11:00:00Z,
2019-11-17 11:00:00Z,
2019-11-18 11:00:00Z,
2019-11-19 11:00:00Z,
2019-11-20 11:00:00Z,
2019-11-21 11:00:00Z,
2019-11-22 11:00:00Z,
2019-11-23 11:00:00Z,
2019-11-24 11:00:00Z,
2019-11-25 11:00:00Z,
2019-11-26 11:00:00Z,
2019-11-27 11:00:00Z,
2019-11-28 11:00:00Z,
2019-11-29 11:00:00Z,
2019-11-30 11:00:00Z,
2019-12-01 11:00:00Z,
2019-12-02 11:00:00Z,
2019-12-03 11:00:00Z,
2019-12-04 11:00:00Z,
2019-12-05 11:00:00Z,
2019-12-06 11:00:00Z,
2019-12-07 11:00:00Z,
2019-12-08 11:00:00Z,
2019-12-09 11:00:00Z,
2019-12-10 11:00:00Z,
2019-12-11 11:00:00Z,
2019-12-12 11:00:00Z,
2019-12-13 11:00:00Z,
2019-12-14 11:00:00Z,
2019-12-15 11:00:00Z,
2019-12-16 11:00:00Z,
2019-12-17 11:00:00Z,
2019-12-18 11:00:00Z,
2019-12-19 11:00:00Z,
2019-12-20 11:00:00Z,
2019-12-21 11:00:00Z,
2019-12-22 11:00:00Z,
2019-12-23 11:00:00Z,
2019-12-24 11:00:00Z,
2019-12-25 11:00:00Z,185.7978
2019-12-26 11:00:00Z,155.4934
2019-12-27 11:00:00Z,150.6698
2019-12-28 11:00:00Z,148.5027
2019-12-29 11:00:00Z,147.9086
2019-12-30 11:00:00Z,147.7935
2019-12-31 11:00:00Z,146.4931
2020-01-01 11:00:00Z,145.4511
2020-01-02 11:00:00Z,142.8471
2020-01-03 11:00:00Z,134.0124
2020-01-04 11:00:00Z,95.29407
2020-01-05 11:00:00Z,92.53958
2020-01-06 11:00:00Z,92.76338
2020-01-07 11:00:00Z,93.35532
2020-01-08 11:00:00Z,99.74422
2020-01-09 11:00:00Z,130.5845
2020-01-10 11:00:00Z,166.4395
2020-01-11 11:00:00Z,180.2484
2020-01-12 11:00:00Z,206.0285
2020-01-13 11:00:00Z,174.4485
2020-01-14 11:00:00Z,207.6137
2020-01-15 11:00:00Z,200.2535
2020-01-16 11:00:00Z,190.9335
2020-01-17 11:00:00Z,221.9861
2020-01-18 11:00:00Z,270.0801
2020-01-19 11:00:00Z,255.1115
2020-01-20 11:00:00Z,228.0791
2020-01-21 11:00:00Z,197.0754
2020-01-22 11:00:00Z,195.1961
2020-01-23 11:00:00Z,208.4811
2020-01-24 11:00:00Z,184.3655
2020-01-25 11:00:00Z,183.1398
2020-01-26 11:00:00Z,185.1307
2020-01-27 11:00:00Z,182.3485
2020-01-28 11:00:00Z,185.8081
2020-01-29 11:00:00Z,189.9876
2020-01-30 11:00:00Z,189.5555
2020-01-31 11:00:00Z,189.4216
2020-02-01 11:00:00Z,189.5632
2020-02-02 11:00:00Z,198.0728
2020-02-03 11:00:00Z,166.2954
2020-02-04 11:00:00Z,152.0193
2020-02-05 11:00:00Z,148.2498
2020-02-06 11:00:00Z,151.3212
2020-02-07 11:00:00Z,167.595
2020-02-08 11:00:00Z,190.4021
2020-02-09 11:00:00Z,235.1844
2020-02-10 11:00:00Z,336.1081
2020-02-11 11:00:00Z,242.3651
2020-02-12 11:00:00Z,233.9861
2020-02-13 11:00:00Z,225.914
2020-02-14 11:00:00Z,219.3351
2020-02-15 11:00:00Z,223.7709
2020-02-16 11:00:00Z,342.5849
2020-02-17 11:00:00Z,322.63
2020-02-18 11:00:00Z,285.3456
2020-02-19 11:00:00Z,273.5634
2020-02-20 11:00:00Z,270.2608
2020-02-21 11:00:00Z,272.8342
2020-02-22 11:00:00Z,254.6232
2020-02-23 11:00:00Z,262.8127
2020-02-24 11:00:00Z,248.8488
2020-02-25 11:00:00Z,235.5305
2020-02-26 11:00:00Z,228.0304
2020-02-27 11:00:00Z,224.4468
2020-02-28 11:00:00Z,222.0057
2020-02-29 11:00:00Z,222.7759
2020-03-01 11:00:00Z,228.7859
2020-03-02 11:00:00Z,246.9642
2020-03-03 11:00:00Z,240.7088
2020-03-04 11:00:00Z,245.8884
2020-03-05 11:00:00Z,240.5222
2020-03-06 11:00:00Z,233.5913
2020-03-07 11:00:00Z,228.3976
2020-03-08 11:00:00Z,267.0173
2020-03-09 11:00:00Z,275.1147
2020-03-10 11:00:00Z,249.7394
2020-03-11 11:00:00Z,255.9626
2020-03-12 11:00:00Z,251.9776
2020-03-13 11:00:00Z,232.9548
2020-03-14 11:00:00Z,225.7122
2020-03-15 11:00:00Z,256.7925
2020-03-16 11:00:00Z,291.1045
2020-03-17 11:00:00Z,253.6609
2020-03-18 11:00:00Z,242.2259
2020-03-19 11:00:00Z,226.3947
2020-03-20 11:00:00Z,225.8362
2020-03-21 11:00:00Z,225.6501
2020-03-22 11:00:00Z,222.8757
2020-03-23 11:00:00Z,220.8159
2020-03-24 11:00:00Z,219.5719
2020-03-25 11:00:00Z,218.2358
2020-03-26 11:00:00Z,217.6267
2020-03-27 11:00:00Z,218.3843
2020-03-28 11:00:00Z,216.7219
2020-03-29 11:00:00Z,216.0568
2020-03-30 11:00:00Z,216.6714
2020-03-31 11:00:00Z,216.5633
2020-04-01 11:00:00Z,217.8709
2020-04-02 11:00:00Z,217.0503
2020-04-03 11:00:00Z,217.366
2020-04-04 11:00:00Z,215.8241
2020-04-05 11:00:00Z,211.1895
2020-04-06 11:00:00Z,196.6419
2020-04-07 11:00:00Z,185.9502
2020-04-08 11:00:00Z,185.4112
2020-04-09 11:00:00Z,188.9459
2020-04-10 11:00:00Z,192.9568
2020-04-11 11:00:00Z,192.4669
2020-04-12 11:00:00Z,188.7074
2020-04-13 11:00:00Z,187.4129
2020-04-14 11:00:00Z,183.3857
2020-04-15 11:00:00Z,170.3356
2020-04-16 11:00:00Z,167.9757
2020-04-17 11:00:00Z,166.53
2020-04-18 11:00:00Z,155.8698
2020-04-19 11:00:00Z,155.7528
2020-04-20 11:00:00Z,154.5487
2020-04-21 11:00:00Z,165.068
2020-04-22 11:00:00Z,173.1737
2020-04-23 11:00:00Z,174.9108
2020-04-24 11:00:00Z,172.1717
2020-04-25 11:00:00Z,174.1147
2020-04-26 11:00:00Z,180.4668
2020-04-27 11:00:00Z,182.7126
2020-04-28 11:00:00Z,182.7623
2020-04-29 11:00:00Z,181.8921
2020-04-30 11:00:00Z,186.2031
2020-05-01 11:00:00Z,193.0174
2020-05-02 11:00:00Z,189.9018
2020-05-03 11:00:00Z,186.0903
2020-05-04 11:00:00Z,182.9985
2020-05-05 11:00:00Z,182.4214
2020-05-06 11:00:00Z,182.3772
2020-05-07 11:00:00Z,182.9839
2020-05-08 11:00:00Z,181.5439
2020-05-09 11:00:00Z,181.8224
2020-05-10 11:00:00Z,181.0562
2020-05-11 11:00:00Z,182.1918
2020-05-12 11:00:00Z,185.0383
2020-05-13 11:00:00Z,185.3465
2020-05-14 11:00:00Z,180.0172
2020-05-15 11:00:00Z,177.8472
2020-05-16 11:00:00Z,173.172
2020-05-17 11:00:00Z,171.7943
2020-05-18 11:00:00Z,165.9178
2020-05-19 11:00:00Z,161.9299
2020-05-20 11:00:00Z,159.4633
2020-05-21 11:00:00Z,177.4402
2020-05-22 11:00:00Z,183.4992
2020-05-23 11:00:00Z,185.1108
2020-05-24 11:00:00Z,177.5992
2020-05-25 11:00:00Z,153.9127
2020-05-26 11:00:00Z,123.1177
2020-05-27 11:00:00Z,130.3929
2020-05-28 11:00:00Z,133.1039
2020-05-29 11:00:00Z,106.0543
2020-05-30 11:00:00Z,95.45335
2020-05-31 11:00:00Z,92.07973
2020-06-01 11:00:00Z,92.08787
2020-06-02 11:00:00Z,90.5723
2020-06-03 11:00:00Z,90.18946
2020-06-04 11:00:00Z,97.90118
2020-06-05 11:00:00Z,133.7704
2020-06-06 11:00:00Z,149.795
2020-06-07 11:00:00Z,141.0137
2020-06-08 11:00:00Z,136.0371
2020-06-09 11:00:00Z,131.1506
2020-06-10 11:00:00Z,118.973
2020-06-11 11:00:00Z,109.9843
2020-06-12 11:00:00Z,106.3907
2020-06-13 11:00:00Z,117.3372
2020-06-14 11:00:00Z,152.5592
2020-06-15 11:00:00Z,172.1579
2020-06-16 11:00:00Z,191.7516
2020-06-17 11:00:00Z,192.0589
2020-06-18 11:00:00Z,202.2056
2020-06-19 11:00:00Z,220.0284
2020-06-20 11:00:00Z,223.1561
2020-06-21 11:00:00Z,273.5775
2020-06-22 11:00:00Z,290.785
2020-06-23 11:00:00Z,277.6193
2020-06-24 11:00:00Z,275.2743
2020-06-25 11:00:00Z,270.917
2020-06-26 11:00:00Z,241.5589
2020-06-27 11:00:00Z,195.4929
2020-06-28 11:00:00Z,180.1329
2020-06-29 11:00:00Z,169.648
2020-06-30 11:00:00Z,171.612
2020-07-01 11:00:00Z,169.4489
2020-07-02 11:00:00Z,156.8725
2020-07-03 11:00:00Z,148.5985
2020-07-04 11:00:00Z,115.2939
2020-07-05 11:00:00Z,107.4039
2020-07-06 11:00:00Z,115.4605
2020-07-07 11:00:00Z,107.069
2020-07-08 11:00:00Z,108.6544
2020-07-09 11:00:00Z,109.4397
2020-07-10 11:00:00Z,105.1628
2020-07-11 11:00:00Z,88.60216
2020-07-12 11:00:00Z,82.12107
2020-07-13 11:00:00Z,73.25358
2020-07-14 11:00:00Z,68.70856
2020-07-15 11:00:00Z,78.63292
2020-07-16 11:00:00Z,89.69951
2020-07-17 11:00:00Z,90.02369
2020-07-18 11:00:00Z,87.2444
2020-07-19 11:00:00Z,102.9323
2020-07-20 11:00:00Z,125.9675
2020-07-21 11:00:00Z,128.8011
2020-07-22 11:00:00Z,129.8275
2020-07-23 11:00:00Z,132.7576
2020-07-24 11:00:00Z,149.2392
2020-07-25 11:00:00Z,154.8489
2020-07-26 11:00:00Z,232.2763
2020-07-27 11:00:00Z,275.4372
2020-07-28 11:00:00Z,333.0689
2020-07-29 11:00:00Z,324.5024
2020-07-30 11:00:00Z,366.9037
2020-07-31 11:00:00Z,352.4077
2020-08-01 11:00:00Z,317.3741
2020-08-02 11:00:00Z,269.1686
2020-08-03 11:00:00Z,217.1115
2020-08-04 11:00:00Z,222.9281
2020-08-05 11:00:00Z,224.2932
2020-08-06 11:00:00Z,225.6654
2020-08-07 11:00:00Z,218.6092
2020-08-08 11:00:00Z,190.3437
2020-08-09 11:00:00Z,181.4897
2020-08-10 11:00:00Z,169.5113
2020-08-11 11:00:00Z,142.1213
2020-08-12 11:00:00Z,119.8934
2020-08-13 11:00:00Z,90.659
2020-08-14 11:00:00Z,76.09029
2020-08-15 11:00:00Z,74.064
2020-08-16 11:00:00Z,73.78072
2020-08-17 11:00:00Z,72.99532
2020-08-18 11:00:00Z,73.41422
2020-08-19 11:00:00Z,73.76836
2020-08-20 11:00:00Z,75.11337
2020-08-21 11:00:00Z,83.56224
2020-08-22 11:00:00Z,102.1443
2020-08-23 11:00:00Z,100.1595
2020-08-24 11:00:00Z,96.38224
2020-08-25 11:00:00Z,99.47196
2020-08-26 11:00:00Z,99.34319
2020-08-27 11:00:00Z,96.68987
2020-08-28 11:00:00Z,80.34836
2020-08-29 11:00:00Z,74.89906
2020-08-30 11:00:00Z,74.15139
2020-08-31 11:00:00Z,85.75962
2020-09-01 11:00:00Z,94.90679
2020-09-02 11:00:00Z,95.79578
2020-09-03 11:00:00Z,98.6782
2020-09-04 11:00:00Z,102.2206
2020-09-05 11:00:00Z,100.3293
2020-09-06 11:00:00Z,101.3222
2020-09-07 11:00:00Z,99.66863
2020-09-08 11:00:00Z,99.01262
2020-09-09 11:00:00Z,99.93239
2020-09-10 11:00:00Z,101.4412
2020-09-11 11:00:00Z,99.42648
2020-09-12 11:00:00Z,99.63087
2020-09-13 11:00:00Z,99.22656
2020-09-14 11:00:00Z,99.81662
2020-09-15 11:00:00Z,88.87628
2020-09-16 11:00:00Z,97.61683
2020-09-17 11:00:00Z,97.42566
2020-09-18 11:00:00Z,97.59923
2020-09-19 11:00:00Z,97.58775
2020-09-20 11:00:00Z,95.74506
2020-09-21 11:00:00Z,95.57409
2020-09-22 11:00:00Z,132.5338
2020-09-23 11:00:00Z,173.962
2020-09-24 11:00:00Z,221.2823
2020-09-25 11:00:00Z,246.8756
2020-09-26 11:00:00Z,209.318
2020-09-27 11:00:00Z,203.3543
2020-09-28 11:00:00Z,261.425
2020-09-29 11:00:00Z,329.1371
2020-09-30 11:00:00Z,322.3241
2020-10-01 11:00:00Z,274.581
2020-10-02 11:00:00Z,280.0946
2020-10-03 11:00:00Z,261.6328
2020-10-04 11:00:00Z,299.4936
2020-10-05 11:00:00Z,281.5218
2020-10-06 11:00:00Z,234.9709
2020-10-07 11:00:00Z,197.4871
2020-10-08 11:00:00Z,181.5264
2020-10-09 11:00:00Z,172.553
2020-10-10 11:00:00Z,127.1497
2020-10-11 11:00:00Z,115.5167
2020-10-12 11:00:00Z,113.1217
2020-10-13 11:00:00Z,112.305
2020-10-14 11:00:00Z,112.001
2020-10-15 11:00:00Z,109.3933
2020-10-16 11:00:00Z,106.7582
2020-10-17 11:00:00Z,100.2434
2020-10-18 11:00:00Z,99.63532
2020-10-19 11:00:00Z,99.49293
2020-10-20 11:00:00Z,133.6168
2020-10-21 11:00:00Z,198.1581
2020-10-22 11:00:00Z,233.859
2020-10-23 11:00:00Z,230.6732
2020-10-24 11:00:00Z,240.1872
2020-10-25 11:00:00Z,353.9125
2020-10-26 11:00:00Z,348.1606
2020-10-27 11:00:00Z,392.1042
2020-10-28 11:00:00Z,445.9976
2020-10-29 11:00:00Z,412.2308
2020-10-30 11:00:00Z,370.6375
2020-10-31 11:00:00Z,344.2816
2020-11-01 11:00:00Z,380.0645
2020-11-02 11:00:00Z,431.2255
2020-11-03 11:00:00Z,340.6492
2020-11-04 11:00:00Z,243.4358
2020-11-05 11:00:00Z,224.2243
2020-11-06 11:00:00Z,218.5761
2020-11-07 11:00:00Z,215.8135
2020-11-08 11:00:00Z,215.1638
2020-11-09 11:00:00Z,215.5172
2020-11-10 11:00:00Z,214.8641
2020-11-11 11:00:00Z,213.5089
2020-11-12 11:00:00Z,216.1729
2020-11-13 11:00:00Z,226.4307
2020-11-14 11:00:00Z,250.2641
2020-11-15 11:00:00Z,353.7034
2020-11-16 11:00:00Z,488.5756
2020-11-17 11:00:00Z,461.0431
2020-11-18 11:00:00Z,439.2738
2020-11-19 11:00:00Z,436.1998
2020-11-20 11:00:00Z,420.1501
2020-11-21 11:00:00Z,396.8751
2020-11-22 11:00:00Z,407.4556
2020-11-23 11:00:00Z,408.1298
2020-11-24 11:00:00Z,360.9119
2020-11-25 11:00:00Z,263.8059
2020-11-26 11:00:00Z,223.9409
2020-11-27 11:00:00Z,220.1056
2020-11-28 11:00:00Z,218.2918
2020-11-29 11:00:00Z,212.0273
2020-11-30 11:00:00Z,214.8505
2020-12-01 11:00:00Z,217.9391
2020-12-02 11:00:00Z,148.5454
2020-12-03 11:00:00Z,195.6698
2020-12-04 11:00:00Z,284.1277
2020-12-05 11:00:00Z,256.6649
2020-12-06 11:00:00Z,254.5255
2020-12-07 11:00:00Z,275.0628
2020-12-08 11:00:00Z,347.5486
2020-12-09 11:00:00Z,276.7516
2020-12-10 11:00:00Z,274.6549
2020-12-11 11:00:00Z,283.4453
2020-12-12 11:00:00Z,259.6219
2020-12-13 11:00:00Z,248.7545
2020-12-14 11:00:00Z,289.8951
2020-12-15 11:00:00Z,364.7022
2020-12-16 11:00:00Z,332.751
2020-12-17 11:00:00Z,325.2903
2020-12-18 11:00:00Z,339.1467
2020-12-19 11:00:00Z,373.3354
2020-12-20 11:00:00Z,411.071
2020-12-21 11:00:00Z,395.7073
2020-12-22 11:00:00Z,383.1465
2020-12-23 11:00:00Z,351.9338
2020-12-24 11:00:00Z,270.0577
2020-12-25 11:00:00Z,230.4032
2020-12-26 11:00:00Z,227.0405
2020-12-27 11:00:00Z,312.235
2020-12-28 11:00:00Z,366.544
2020-12-29 11:00:00Z,305.2031
2020-12-30 11:00:00Z,262.0473
2020-12-31 11:00:00Z,246.7425
2021-01-01 11:00:00Z,236.2707
2021-01-02 11:00:00Z,231.0318
2021-01-03 11:00:00Z,226.2924
2021-01-04 11:00:00Z,180.1322
2021-01-05 11:00:00Z,124.7808
2021-01-06 11:00:00Z,71.45682
2021-01-07 11:00:00Z,61.79143
2021-01-08 11:00:00Z,65.74214
2021-01-09 11:00:00Z,76.50629
2021-01-10 11:00:00Z,96.90604
2021-01-11 11:00:00Z,97.85367
2021-01-12 11:00:00Z,150.0866
2021-01-13 11:00:00Z,158.4549
2021-01-14 11:00:00Z,177.9531
2021-01-15 11:00:00Z,185.8882
2021-01-16 11:00:00Z,183.4914
2021-01-17 11:00:00Z,178.4067
2021-01-18 11:00:00Z,179.5645
2021-01-19 11:00:00Z,179.5323
2021-01-20 11:00:00Z,180.4778
2021-01-21 11:00:00Z,179.2559
2021-01-22 11:00:00Z,214.4241
2021-01-23 11:00:00Z,198.5678
2021-01-24 11:00:00Z,186.4397
2021-01-25 11:00:00Z,186.9305
2021-01-26 11:00:00Z,185.0529
2021-01-27 11:00:00Z,178.7302
2021-01-28 11:00:00Z,104.9164
2021-01-29 11:00:00Z,92.68056
2021-01-30 11:00:00Z,116.4136
2021-01-31 11:00:00Z,136.0378
2021-02-01 11:00:00Z,152.7487
2021-02-02 11:00:00Z,147.7234
2021-02-03 11:00:00Z,89.51675
2021-02-04 11:00:00Z,90.34795
2021-02-05 11:00:00Z,104.2224
2021-02-06 11:00:00Z,139.4466
2021-02-07 11:00:00Z,157.0826
2021-02-08 11:00:00Z,163.9742
2021-02-09 11:00:00Z,178.7511
2021-02-10 11:00:00Z,177.6071
2021-02-11 11:00:00Z,177.738
2021-02-12 11:00:00Z,179.5259
2021-02-13 11:00:00Z,180.1117
2021-02-14 11:00:00Z,175.1972
2021-02-15 11:00:00Z,173.7592
2021-02-16 11:00:00Z,166.9899
2021-02-17 11:00:00Z,169.7032
2021-02-18 11:00:00Z,179.4558
2021-02-19 11:00:00Z,170.1562
2021-02-20 11:00:00Z,178.4049
2021-02-21 11:00:00Z,178.0215
2021-02-22 11:00:00Z,183.7806
2021-02-23 11:00:00Z,183.4326
2021-02-24 11:00:00Z,180.8594
2021-02-25 11:00:00Z,171.395
2021-02-26 11:00:00Z,161.2055
2021-02-27 11:00:00Z,147.5688
2021-02-28 11:00:00Z,141.756
2021-03-01 11:00:00Z,159.1357
2021-03-02 11:00:00Z,179.1868
2021-03-03 11:00:00Z,184.7816
2021-03-04 11:00:00Z,184.9063
2021-03-05 11:00:00Z,182.1932
2021-03-06 11:00:00Z,155.3432
2021-03-07 11:00:00Z,155.5283
2021-03-08 11:00:00Z,175.8034
2021-03-09 11:00:00Z,181.8211
2021-03-10 11:00:00Z,179.9926
2021-03-11 11:00:00Z,173.575
2021-03-12 11:00:00Z,181.297
2021-03-13 11:00:00Z,168.5513
2021-03-14 11:00:00Z,165.2823
2021-03-15 11:00:00Z,178.644
2021-03-16 11:00:00Z,183.4114
2021-03-17 11:00:00Z,181.2749
2021-03-18 11:00:00Z,179.8923
2021-03-19 11:00:00Z,179.4072
2021-03-20 11:00:00Z,179.3461
2021-03-21 11:00:00Z,148.5641
2021-03-22 11:00:00Z,98.10437
2021-03-23 11:00:00Z,82.96741
2021-03-24 11:00:00Z,98.86236
2021-03-25 11:00:00Z,150.9655
2021-03-26 11:00:00Z,177.5233
2021-03-27 11:00:00Z,171.584
2021-03-28 11:00:00Z,181.5329
2021-03-29 11:00:00Z,181.3933
2021-03-30 11:00:00Z,184.8928
2021-03-31 11:00:00Z,190.1723
2021-04-01 11:00:00Z,187.0482
2021-04-02 11:00:00Z,183.1602
2021-04-03 11:00:00Z,176.0307
2021-04-04 11:00:00Z,177.4128
2021-04-05 11:00:00Z,159.0091
2021-04-06 11:00:00Z,155.4059
2021-04-07 11:00:00Z,162.1699
2021-04-08 11:00:00Z,155.1963
2021-04-09 11:00:00Z,141.749
2021-04-10 11:00:00Z,139.6465
2021-04-11 11:00:00Z,138.8112
2021-04-12 11:00:00Z,175.4608
2021-04-13 11:00:00Z,182.7424
2021-04-14 11:00:00Z,182.8226
2021-04-15 11:00:00Z,180.9449
2021-04-16 11:00:00Z,180.621
2021-04-17 11:00:00Z,135.3129
2021-04-18 11:00:00Z,133.0837
2021-04-19 11:00:00Z,162.1694
2021-04-20 11:00:00Z,167.3837
2021-04-21 11:00:00Z,167.1782
2021-04-22 11:00:00Z,145.1804
2021-04-23 11:00:00Z,140.9944
2021-04-24 11:00:00Z,122.9666
2021-04-25 11:00:00Z,123.5489
2021-04-26 11:00:00Z,157.6171
2021-04-27 11:00:00Z,157.7674
2021-04-28 11:00:00Z,157.0569
2021-04-29 11:00:00Z,157.1266
2021-04-30 11:00:00Z,156.7251
2021-05-01 11:00:00Z,156.4537
2021-05-02 11:00:00Z,157.3327
2021-05-03 11:00:00Z,156.8313
2021-05-04 11:00:00Z,126.6142
2021-05-05 11:00:00Z,139.6635
2021-05-06 11:00:00Z,158.0146
2021-05-07 11:00:00Z,157.6071
2021-05-08 11:00:00Z,152.231
2021-05-09 11:00:00Z,156.134
2021-05-10 11:00:00Z,168.3837
2021-05-11 11:00:00Z,163.5333
2021-05-12 11:00:00Z,157.9676
2021-05-13 11:00:00Z,154.932
2021-05-14 11:00:00Z,153.0826
2021-05-15 11:00:00Z,152.7696
2021-05-16 11:00:00Z,154.4824
2021-05-17 11:00:00Z,156.2126
2021-05-18 11:00:00Z,159.1042
2021-05-19 11:00:00Z,154.7612
2021-05-20 11:00:00Z,151.8195
2021-05-21 11:00:00Z,150.1739
2021-05-22 11:00:00Z,119.2534
2021-05-23 11:00:00Z,113.541
2021-05-24 11:00:00Z,118.7835
2021-05-25 11:00:00Z,203.7628
2021-05-26 11:00:00Z,214.8415
2021-05-27 11:00:00Z,203.8798
2021-05-28 11:00:00Z,192.3362
2021-05-29 11:00:00Z,186.4361
2021-05-30 11:00:00Z,146.1751
2021-05-31 11:00:00Z,159.1981
2021-06-01 11:00:00Z,158.7867
2021-06-02 11:00:00Z,155.8542
2021-06-03 11:00:00Z,138.6538
2021-06-04 11:00:00Z,104.0839
2021-06-05 11:00:00Z,103.7883
2021-06-06 11:00:00Z,102.9149
2021-06-07 11:00:00Z,102.0781
2021-06-08 11:00:00Z,101.4621
2021-06-09 11:00:00Z,101.6231
2021-06-10 11:00:00Z,114.7667
2021-06-11 11:00:00Z,117.5779
2021-06-12 11:00:00Z,91.76431
2021-06-13 11:00:00Z,89.22819
2021-06-14 11:00:00Z,103.9442
2021-06-15 11:00:00Z,100.5876
2021-06-16 11:00:00Z,95.21224
2021-06-17 11:00:00Z,87.17631
2021-06-18 11:00:00Z,85.34001
2021-06-19 11:00:00Z,84.35545
2021-06-20 11:00:00Z,86.8874
2021-06-21 11:00:00Z,100.9619
2021-06-22 11:00:00Z,103.3043
2021-06-23 11:00:00Z,103.0832
2021-06-24 11:00:00Z,104.4984
2021-06-25 11:00:00Z,103.696
2021-06-26 11:00:00Z,115.6517
2021-06-27 11:00:00Z,118.1576
2021-06-28 11:00:00Z,96.46936
2021-06-29 11:00:00Z,87.65142
2021-06-30 11:00:00Z,87.15285
2021-07-01 11:00:00Z,88.19644
2021-07-02 11:00:00Z,87.04981
2021-07-03 11:00:00Z,89.52919
2021-07-04 11:00:00Z,101.3183
2021-07-05 11:00:00Z,105.2718
2021-07-06 11:00:00Z,117.6758
2021-07-07 11:00:00Z,119.6276
2021-07-08 11:00:00Z,132.2886
2021-07-09 11:00:00Z,178.0226
2021-07-10 11:00:00Z,169.4332
2021-07-11 11:00:00Z,161.496
2021-07-12 11:00:00Z,153.9497
2021-07-13 11:00:00Z,122.9766
2021-07-14 11:00:00Z,98.58437
2021-07-15 11:00:00Z,86.58724
2021-07-16 11:00:00Z,82.94077
2021-07-17 11:00:00Z,79.13815
2021-07-18 11:00:00Z,75.4068
2021-07-19 11:00:00Z,74.20675
2021-07-20 11:00:00Z,72.12536
2021-07-21 11:00:00Z,72.49041
2021-07-22 11:00:00Z,71.83492
2021-07-23 11:00:00Z,71.49177
2021-07-24 11:00:00Z,71.15799
2021-07-25 11:00:00Z,71.25938
2021-07-26 11:00:00Z,71.01191
2021-07-27 11:00:00Z,73.39323
2021-07-28 11:00:00Z,74.65279
2021-07-29 11:00:00Z,91.02003
2021-07-30 11:00:00Z,96.57024
2021-07-31 11:00:00Z,83.56677
2021-08-01 11:00:00Z,81.66113
2021-08-02 11:00:00Z,111.2922
2021-08-03 11:00:00Z,117.5225
2021-08-04 11:00:00Z,112.9088
2021-08-05 11:00:00Z,115.6547
2021-08-06 11:00:00Z,115.3566
2021-08-07 11:00:00Z,98.36352
2021-08-08 11:00:00Z,84.44776
2021-08-09 11:00:00Z,85.56758
2021-08-10 11:00:00Z,94.74872
2021-08-11 11:00:00Z,92.72441
2021-08-12 11:00:00Z,90.76262
2021-08-13 11:00:00Z,90.74154
2021-08-14 11:00:00Z,82.26826
2021-08-15 11:00:00Z,81.93427
2021-08-16 11:00:00Z,85.00854
2021-08-17 11:00:00Z,81.8437
2021-08-18 11:00:00Z,65.82313
2021-08-19 11:00:00Z,61.61711
2021-08-20 11:00:00Z,59.78739
2021-08-21 11:00:00Z,59.49212
2021-08-22 11:00:00Z,59.19038
2021-08-23 11:00:00Z,58.66562
2021-08-24 11:00:00Z,57.56275
2021-08-25 11:00:00Z,57.44606
2021-08-26 11:00:00Z,57.43199
2021-08-27 11:00:00Z,57.08761
2021-08-28 11:00:00Z,57.18505
2021-08-29 11:00:00Z,57.52987
2021-08-30 11:00:00Z,57.97017
2021-08-31 11:00:00Z,64.71893
2021-09-01 11:00:00Z,74.57459
2021-09-02 11:00:00Z,121.268
2021-09-03 11:00:00Z,137.2224
2021-09-04 11:00:00Z,113.5462
2021-09-05 11:00:00Z,100.3282
2021-09-06 11:00:00Z,134.7425
2021-09-07 11:00:00Z,147.8957
2021-09-08 11:00:00Z,141.2577
2021-09-09 11:00:00Z,140.5898
2021-09-10 11:00:00Z,109.4421
2021-09-11 11:00:00Z,82.65108
2021-09-12 11:00:00Z,74.99955
2021-09-13 11:00:00Z,83.43536
2021-09-14 11:00:00Z,86.7666
2021-09-15 11:00:00Z,73.77293
2021-09-16 11:00:00Z,71.25114
2021-09-17 11:00:00Z,70.76593
2021-09-18 11:00:00Z,70.0085
2021-09-19 11:00:00Z,69.89794
2021-09-20 11:00:00Z,69.63802
2021-09-21 11:00:00Z,69.66621
2021-09-22 11:00:00Z,69.30322
2021-09-23 11:00:00Z,68.8886
2021-09-24 11:00:00Z,68.64871
2021-09-25 11:00:00Z,68.63525
2021-09-26 11:00:00Z,68.55519
2021-09-27 11:00:00Z,77.15382
2021-09-28 11:00:00Z,113.0358
2021-09-29 11:00:00Z,150.0867
2021-09-30 11:00:00Z,176.0158
2021-10-01 11:00:00Z,194.3114
2021-10-02 11:00:00Z,218.9108
2021-10-03 11:00:00Z,249.2194
2021-10-04 11:00:00Z,233.1936
2021-10-05 11:00:00Z,175.8557
2021-10-06 11:00:00Z,172.0831
2021-10-07 11:00:00Z,177.7202
2021-10-08 11:00:00Z,172.6239
2021-10-09 11:00:00Z,146.5789
2021-10-10 11:00:00Z,131.4761
2021-10-11 11:00:00Z,130.7507
2021-10-12 11:00:00Z,161.3932
2021-10-13 11:00:00Z,167.4592
2021-10-14 11:00:00Z,146.2598
2021-10-15 11:00:00Z,73.4641
2021-10-16 11:00:00Z,65.39159
2021-10-17 11:00:00Z,127.3758
2021-10-18 11:00:00Z,155.0561
2021-10-19 11:00:00Z,174.5383
2021-10-20 11:00:00Z,136.9315
2021-10-21 11:00:00Z,127.762
2021-10-22 11:00:00Z,127.9819
2021-10-23 11:00:00Z,127.2602
2021-10-24 11:00:00Z,124.9893
2021-10-25 11:00:00Z,105.1842
2021-10-26 11:00:00Z,70.39973
2021-10-27 11:00:00Z,64.31831
2021-10-28 11:00:00Z,67.85672
2021-10-29 11:00:00Z,124.5071
2021-10-30 11:00:00Z,134.1017
2021-10-31 11:00:00Z,193.2493
2021-11-01 11:00:00Z,187.7626
2021-11-02 11:00:00Z,230.6802
2021-11-03 11:00:00Z,188.3807
2021-11-04 11:00:00Z,181.1118
2021-11-05 11:00:00Z,183.8888
2021-11-06 11:00:00Z,168.3249
2021-11-07 11:00:00Z,134.8376
2021-11-08 11:00:00Z,172.1178
2021-11-09 11:00:00Z,183.6858
2021-11-10 11:00:00Z,184.5916
2021-11-11 11:00:00Z,145.098
2021-11-12 11:00:00Z,176.5015
2021-11-13 11:00:00Z,187.2854
2021-11-14 11:00:00Z,192.3696
2021-11-15 11:00:00Z,191.2708
2021-11-16 11:00:00Z,191.4697
2021-11-17 11:00:00Z,195.1674
2021-11-18 11:00:00Z,191.1345
2021-11-19 11:00:00Z,185.4965
2021-11-20 11:00:00Z,184.0579
2021-11-21 11:00:00Z,183.6147
2021-11-22 11:00:00Z,182.3522
2021-11-23 11:00:00Z,180.2453
2021-11-24 11:00:00Z,179.5403
2021-11-25 11:00:00Z,178.2523
2021-11-26 11:00:00Z,182.4349
2021-11-27 11:00:00Z,184.4434
2021-11-28 11:00:00Z,184.8001
2021-11-29 11:00:00Z,183.5864
2021-11-30 11:00:00Z,183.8135
2021-12-01 11:00:00Z,183.7755
2021-12-02 11:00:00Z,185.0992
2021-12-03 11:00:00Z,184.8853
2021-12-04 11:00:00Z,183.9078
2021-12-05 11:00:00Z,183.6566
2021-12-06 11:00:00Z,182.685
2021-12-07 11:00:00Z,184.3685
2021-12-08 11:00:00Z,186.829
2021-12-09 11:00:00Z,188.4322
2021-12-10 11:00:00Z,189.4531
2021-12-11 11:00:00Z,186.5927
2021-12-12 11:00:00Z,185.5064
2021-12-13 11:00:00Z,188.4363
2021-12-14 11:00:00Z,193.5716
2021-12-15 11:00:00Z,156.2664
2021-12-16 11:00:00Z,129.4072
2021-12-17 11:00:00Z,117.8364
2021-12-18 11:00:00Z,117.5511
2021-12-19 11:00:00Z,120.2837
2021-12-20 11:00:00Z,158.4205
2021-12-21 11:00:00Z,178.8702
2021-12-22 11:00:00Z,175.0066
2021-12-23 11:00:00Z,173.2104
2021-12-24 11:00:00Z,122.1633
2021-12-25 11:00:00Z,115.4145
2021-12-26 11:00:00Z,115.3631
2021-12-27 11:00:00Z,125.5405
2021-12-28 11:00:00Z,131.9701
2021-12-29 11:00:00Z,132.049
2021-12-30 11:00:00Z,132.5754
2021-12-31 11:00:00Z,134.2046
2022-01-01 11:00:00Z,134.7416
2022-01-02 11:00:00Z,120.3691
2022-01-03 11:00:00Z,123.4993
2022-01-04 11:00:00Z,125.575
2022-01-05 11:00:00Z,101.5403
2022-01-06 11:00:00Z,98.09236
2022-01-07 11:00:00Z,94.19714
2022-01-08 11:00:00Z,95.98663
2022-01-09 11:00:00Z,96.04515
2022-01-10 11:00:00Z,118.8329
2022-01-11 11:00:00Z,169.92
2022-01-12 11:00:00Z,181.2706
2022-01-13 11:00:00Z,158.1783
2022-01-14 11:00:00Z,167.5618
2022-01-15 11:00:00Z,178.3265
2022-01-16 11:00:00Z,170.9299
2022-01-17 11:00:00Z,167.6505
2022-01-18 11:00:00Z,175.5616
2022-01-19 11:00:00Z,162.1116
2022-01-20 11:00:00Z,160.7456
2022-01-21 11:00:00Z,160.7327
2022-01-22 11:00:00Z,158.199
2022-01-23 11:00:00Z,157.2585
2022-01-24 11:00:00Z,158.3873
2022-01-25 11:00:00Z,174.7484
2022-01-26 11:00:00Z,161.2474
2022-01-27 11:00:00Z,162.0024
2022-01-28 11:00:00Z,162.1053
2022-01-29 11:00:00Z,164.3284
2022-01-30 11:00:00Z,147.9719
2022-01-31 11:00:00Z,133.6798
2022-02-01 11:00:00Z,126.3577
2022-02-02 11:00:00Z,122.2945
2022-02-03 11:00:00Z,122.1167
2022-02-04 11:00:00Z,124.5008
2022-02-05 11:00:00Z,103.6195
2022-02-06 11:00:00Z,102.3003
2022-02-07 11:00:00Z,113.5913
2022-02-08 11:00:00Z,119.0277
2022-02-09 11:00:00Z,120.9683
2022-02-10 11:00:00Z,122.7073
2022-02-11 11:00:00Z,120.057
2022-02-12 11:00:00Z,143.6048
2022-02-13 11:00:00Z,176.4864
2022-02-14 11:00:00Z,191.9659
2022-02-15 11:00:00Z,198.0933
2022-02-16 11:00:00Z,185.7413
2022-02-17 11:00:00Z,177.2729
2022-02-18 11:00:00Z,165.843
2022-02-19 11:00:00Z,144.3681
2022-02-20 11:00:00Z,132.3997
2022-02-21 11:00:00Z,130.9837
2022-02-22 11:00:00Z,161.5615
2022-02-23 11:00:00Z,158.3904
2022-02-24 11:00:00Z,175.4631
2022-02-25 11:00:00Z,132.1818
2022-02-26 11:00:00Z,134.3121
2022-02-27 11:00:00Z,136.0448
2022-02-28 11:00:00Z,135.1513
2022-03-01 11:00:00Z,135.2393
2022-03-02 11:00:00Z,147.309
2022-03-03 11:00:00Z,156.0255
2022-03-04 11:00:00Z,154.1346
2022-03-05 11:00:00Z,105.785
2022-03-06 11:00:00Z,87.99745
2022-03-07 11:00:00Z,139.512
2022-03-08 11:00:00Z,155.0992
2022-03-09 11:00:00Z,154.9077
2022-03-10 11:00:00Z,107.5945
2022-03-11 11:00:00Z,92.97462
2022-03-12 11:00:00Z,92.71048
2022-03-13 11:00:00Z,93.85986
2022-03-14 11:00:00Z,105.4669
2022-03-15 11:00:00Z,104.665
2022-03-16 11:00:00Z,104.8501
2022-03-17 11:00:00Z,98.42555
2022-03-18 11:00:00Z,97.94256
2022-03-19 11:00:00Z,104.9809
2022-03-20 11:00:00Z,102.583
2022-03-21 11:00:00Z,133.5402
2022-03-22 11:00:00Z,144.5176
2022-03-23 11:00:00Z,144.3921
2022-03-24 11:00:00Z,144.4028
2022-03-25 11:00:00Z,146.3647
2022-03-26 11:00:00Z,110.6586
2022-03-27 11:00:00Z,103.2418
2022-03-28 11:00:00Z,103.2833
2022-03-29 11:00:00Z,122.2901
2022-03-30 11:00:00Z,147.5534
2022-03-31 11:00:00Z,150.6251
2022-04-01 11:00:00Z,144.9212
2022-04-02 11:00:00Z,97.98607
2022-04-03 11:00:00Z,96.27375
2022-04-04 11:00:00Z,96.34284
2022-04-05 11:00:00Z,96.17606
2022-04-06 11:00:00Z,84.45168
2022-04-07 11:00:00Z,83.17042
2022-04-08 11:00:00Z,83.20175
2022-04-09 11:00:00Z,82.94211
2022-04-10 11:00:00Z,84.24036
2022-04-11 11:00:00Z,93.33154
2022-04-12 11:00:00Z,95.65624
2022-04-13 11:00:00Z,95.07817
2022-04-14 11:00:00Z,95.99438
2022-04-15 11:00:00Z,95.81653
2022-04-16 11:00:00Z,96.34969
2022-04-17 11:00:00Z,96.67422
2022-04-18 11:00:00Z,96.51987
2022-04-19 11:00:00Z,82.10812
2022-04-20 11:00:00Z,88.9675
2022-04-21 11:00:00Z,96.87614
2022-04-22 11:00:00Z,98.90508
2022-04-23 11:00:00Z,97.81557
2022-04-24 11:00:00Z,99.02108
2022-04-25 11:00:00Z,98.86556
2022-04-26 11:00:00Z,95.11125
2022-04-27 11:00:00Z,99.09706
2022-04-28 11:00:00Z,99.45778
2022-04-29 11:00:00Z,99.61562
2022-04-30 11:00:00Z,98.33849
2022-05-01 11:00:00Z,98.50914
2022-05-02 11:00:00Z,99.27718
2022-05-03 11:00:00Z,109.3436
2022-05-04 11:00:00Z,89.50987
2022-05-05 11:00:00Z,84.15339
2022-05-06 11:00:00Z,84.09157
2022-05-07 11:00:00Z,84.08018
2022-05-08 11:00:00Z,83.37277
2022-05-09 11:00:00Z,82.54778
2022-05-10 11:00:00Z,77.93937
2022-05-11 11:00:00Z,77.93024
2022-05-12 11:00:00Z,77.04574
2022-05-13 11:00:00Z,76.83657
2022-05-14 11:00:00Z,76.77744
2022-05-15 11:00:00Z,76.75029
2022-05-16 11:00:00Z,76.63272
2022-05-17 11:00:00Z,76.21017
2022-05-18 11:00:00Z,75.9691
2022-05-19 11:00:00Z,76.62185
2022-05-20 11:00:00Z,71.57894
2022-05-21 11:00:00Z,70.86684
2022-05-22 11:00:00Z,67.47105
2022-05-23 11:00:00Z,66.04562
2022-05-24 11:00:00Z,65.45532
2022-05-25 11:00:00Z,65.15565
2022-05-26 11:00:00Z,65.15733
2022-05-27 11:00:00Z,61.53642
2022-05-28 11:00:00Z,59.80092
2022-05-29 11:00:00Z,59.57458
2022-05-30 11:00:00Z,59.25442
2022-05-31 11:00:00Z,59.28186
2022-06-01 11:00:00Z,57.47852
2022-06-02 11:00:00Z,57.15872
2022-06-03 11:00:00Z,57.24328
2022-06-04 11:00:00Z,57.22785
2022-06-05 11:00:00Z,57.10436
2022-06-06 11:00:00Z,56.94423
2022-06-07 11:00:00Z,57.15007
2022-06-08 11:00:00Z,57.24459
2022-06-09 11:00:00Z,57.471
2022-06-10 11:00:00Z,57.41067
2022-06-11 11:00:00Z,57.44899
2022-06-12 11:00:00Z,57.33783
2022-06-13 11:00:00Z,57.23262
2022-06-14 11:00:00Z,61.36418
2022-06-15 11:00:00Z,57.69954
2022-06-16 11:00:00Z,57.43697
2022-06-17 11:00:00Z,58.14841
2022-06-18 11:00:00Z,57.26485
2022-06-19 11:00:00Z,57.51847
2022-06-20 11:00:00Z,57.3558
2022-06-21 11:00:00Z,57.22607
2022-06-22 11:00:00Z,57.06939
2022-06-23 11:00:00Z,57.39936
2022-06-24 11:00:00Z,57.70625
2022-06-25 11:00:00Z,57.20591
2022-06-26 11:00:00Z,56.80344
2022-06-27 11:00:00Z,58.35006
2022-06-28 11:00:00Z,57.47309
2022-06-29 11:00:00Z,57.872
2022-06-30 11:00:00Z,59.30263
2022-07-01 11:00:00Z,58.30594
2022-07-02 11:00:00Z,58.04472
2022-07-03 11:00:00Z,59.56596
2022-07-04 11:00:00Z,58.22222
2022-07-05 11:00:00Z,59.09105
2022-07-06 11:00:00Z,58.67894
2022-07-07 11:00:00Z,56.78389
2022-07-08 11:00:00Z,54.30208
2022-07-09 11:00:00Z,53.21916
2022-07-10 11:00:00Z,53.15472
2022-07-11 11:00:00Z,53.14593
2022-07-12 11:00:00Z,53.29288
2022-07-13 11:00:00Z,53.22959
2022-07-14 11:00:00Z,52.63858
2022-07-15 11:00:00Z,52.59316
2022-07-16 11:00:00Z,52.6129
2022-07-17 11:00:00Z,52.55046
2022-07-18 11:00:00Z,52.51544
2022-07-19 11:00:00Z,52.52656
2022-07-20 11:00:00Z,52.47573
2022-07-21 11:00:00Z,52.49968
2022-07-22 11:00:00Z,52.55139
2022-07-23 11:00:00Z,52.51051
2022-07-24 11:00:00Z,52.6998
2022-07-25 11:00:00Z,53.14001
2022-07-26 11:00:00Z,52.90445
2022-07-27 11:00:00Z,52.84476
2022-07-28 11:00:00Z,52.88715
2022-07-29 11:00:00Z,52.77872
2022-07-30 11:00:00Z,52.70035
2022-07-31 11:00:00Z,52.77869
2022-08-01 11:00:00Z,52.24621
2022-08-02 11:00:00Z,52.91763
2022-08-03 11:00:00Z,52.95064
2022-08-04 11:00:00Z,52.97701
2022-08-05 11:00:00Z,52.81795
2022-08-06 11:00:00Z,52.73233
2022-08-07 11:00:00Z,52.75734
2022-08-08 11:00:00Z,52.67102
2022-08-09 11:00:00Z,52.71699
2022-08-10 11:00:00Z,52.74208
2022-08-11 11:00:00Z,52.65129
2022-08-12 11:00:00Z,52.65412
2022-08-13 11:00:00Z,52.68235
2022-08-14 11:00:00Z,52.70107
2022-08-15 11:00:00Z,52.76857
2022-08-16 11:00:00Z,52.85967
2022-08-17 11:00:00Z,53.791
2022-08-18 11:00:00Z,77.31076
2022-08-19 11:00:00Z,76.76559
2022-08-20 11:00:00Z,76.7315
2022-08-21 11:00:00Z,68.3419
2022-08-22 11:00:00Z,64.86286
2022-08-23 11:00:00Z,56.74989
2022-08-24 11:00:00Z,55.81579
2022-08-25 11:00:00Z,54.7589
2022-08-26 11:00:00Z,58.24198
2022-08-27 11:00:00Z,59.77076
2022-08-28 11:00:00Z,55.37031
2022-08-29 11:00:00Z,54.39822
2022-08-30 11:00:00Z,54.36611
2022-08-31 11:00:00Z,54.38686
2022-09-01 11:00:00Z,54.41796
2022-09-02 11:00:00Z,54.32265
2022-09-03 11:00:00Z,54.33667
2022-09-04 11:00:00Z,54.26974
2022-09-05 11:00:00Z,54.23425
2022-09-06 11:00:00Z,54.40348
2022-09-07 11:00:00Z,54.14624
2022-09-08 11:00:00Z,51.62815
2022-09-09 11:00:00Z,50.99603
2022-09-10 11:00:00Z,50.98769
2022-09-11 11:00:00Z,51.00761
2022-09-12 11:00:00Z,51.50311
2022-09-13 11:00:00Z,69.63459
2022-09-14 11:00:00Z,60.93277
2022-09-15 11:00:00Z,54.67125
2022-09-16 11:00:00Z,52.64974
2022-09-17 11:00:00Z,52.49742
2022-09-18 11:00:00Z,52.44174
2022-09-19 11:00:00Z,52.45987
2022-09-20 11:00:00Z,52.53426
2022-09-21 11:00:00Z,52.46496
2022-09-22 11:00:00Z,52.44803
2022-09-23 11:00:00Z,52.63916
2022-09-24 11:00:00Z,52.27486
2022-09-25 11:00:00Z,58.13716
2022-09-26 11:00:00Z,92.05181
2022-09-27 11:00:00Z,87.12407
2022-09-28 11:00:00Z,113.6132
2022-09-29 11:00:00Z,83.76968
2022-09-30 11:00:00Z,62.03108
2022-10-01 11:00:00Z,80.68483
2022-10-02 11:00:00Z,106.209
2022-10-03 11:00:00Z,93.16694
2022-10-04 11:00:00Z,103.6586
2022-10-05 11:00:00Z,109.1926
2022-10-06 11:00:00Z,100.9158
2022-10-07 11:00:00Z,101.5109
2022-10-08 11:00:00Z,124.6343
2022-10-09 11:00:00Z,120.2597
2022-10-10 11:00:00Z,131.8396
2022-10-11 11:00:00Z,146.609
2022-10-12 11:00:00Z,144.9032
2022-10-13 11:00:00Z,145.8639
2022-10-14 11:00:00Z,147.8933
2022-10-15 11:00:00Z,122.1767
2022-10-16 11:00:00Z,146.3049
2022-10-17 11:00:00Z,158.5659
2022-10-18 11:00:00Z,165.0801
2022-10-19 11:00:00Z,157.7795
2022-10-20 11:00:00Z,143.9651
2022-10-21 11:00:00Z,142.0376
2022-10-22 11:00:00Z,144.3224
2022-10-23 11:00:00Z,142.1216
2022-10-24 11:00:00Z,141.7539
2022-10-25 11:00:00Z,158.6582
2022-10-26 11:00:00Z,166.2405
2022-10-27 11:00:00Z,168.7919
2022-10-28 11:00:00Z,166.4255
2022-10-29 11:00:00Z,145.6624
2022-10-30 11:00:00Z,135.7747
2022-10-31 11:00:00Z,141.688
2022-11-01 11:00:00Z,163.3699
2022-11-02 11:00:00Z,181.9946
2022-11-03 11:00:00Z,262.3122
2022-11-04 11:00:00Z,301.5236
2022-11-05 11:00:00Z,338.0153
2022-11-06 11:00:00Z,306.6718
2022-11-07 11:00:00Z,416.6775
2022-11-08 11:00:00Z,396.6407
2022-11-09 11:00:00Z,453.1378
2022-11-10 11:00:00Z,410.4668
2022-11-11 11:00:00Z,362.5554
2022-11-12 11:00:00Z,307.4942
2022-11-13 11:00:00Z,244.0105
2022-11-14 11:00:00Z,224.4814
2022-11-15 11:00:00Z,225.2436
2022-11-16 11:00:00Z,218.8612
2022-11-17 11:00:00Z,206.7946
2022-11-18 11:00:00Z,200.2297
2022-11-19 11:00:00Z,188.2311
2022-11-20 11:00:00Z,179.0698
2022-11-21 11:00:00Z,91.90492
2022-11-22 11:00:00Z,79.73483
2022-11-23 11:00:00Z,93.12334
2022-11-24 11:00:00Z,210.5201
2022-11-25 11:00:00Z,350.9061
2022-11-26 11:00:00Z,398.4744
2022-11-27 11:00:00Z,331.2578
2022-11-28 11:00:00Z,387.8765
2022-11-29 11:00:00Z,423.8276
2022-11-30 11:00:00Z,287.1673
2022-12-01 11:00:00Z,240.1041
2022-12-02 11:00:00Z,230.6432
2022-12-03 11:00:00Z,222.5
2022-12-04 11:00:00Z,219.8489
2022-12-05 11:00:00Z,219.1539
2022-12-06 11:00:00Z,218.0158
2022-12-07 11:00:00Z,195.3273
2022-12-08 11:00:00Z,153.3512
2022-12-09 11:00:00Z,156.1082
2022-12-10 11:00:00Z,154.7434
2022-12-11 11:00:00Z,155.3509
2022-12-12 11:00:00Z,151.8549
2022-12-13 11:00:00Z,154.3856
2022-12-14 11:00:00Z,173.6566
2022-12-15 11:00:00Z,188.8092
2022-12-16 11:00:00Z,194.8122
2022-12-17 11:00:00Z,189.2042
2022-12-18 11:00:00Z,158.13
2022-12-19 11:00:00Z,96.97179
2022-12-20 11:00:00Z,95.27859
2022-12-21 11:00:00Z,94.5816
2022-12-22 11:00:00Z,121.4021
2022-12-23 11:00:00Z,143.8932
2022-12-24 11:00:00Z,138.0029
2022-12-25 11:00:00Z,133.2146
2022-12-26 11:00:00Z,176.7908
2022-12-27 11:00:00Z,179.178
2022-12-28 11:00:00Z,150.0422
2022-12-29 11:00:00Z,143.6081
2022-12-30 11:00:00Z,153.0756
2022-12-31 11:00:00Z,220.5561
2023-01-01 11:00:00Z,167.9795
2023-01-02 11:00:00Z,148.44
2023-01-03 11:00:00Z,139.2937
2023-01-04 11:00:00Z,179.1853
2023-01-05 11:00:00Z,181.6788
2023-01-06 11:00:00Z,167.0961
2023-01-07 11:00:00Z,141.592
2023-01-08 11:00:00Z,238.5178
2023-01-09 11:00:00Z,303.1286
2023-01-10 11:00:00Z,244.1846
2023-01-11 11:00:00Z,253.4819
2023-01-12 11:00:00Z,218.8604
2023-01-13 11:00:00Z,218.3855
2023-01-14 11:00:00Z,197.326
2023-01-15 11:00:00Z,192.6467
2023-01-16 11:00:00Z,201.585
2023-01-17 11:00:00Z,192.6485
2023-01-18 11:00:00Z,187.7596
2023-01-19 11:00:00Z,178.4592
2023-01-20 11:00:00Z,189.9732
2023-01-21 11:00:00Z,191.7304
2023-01-22 11:00:00Z,188.6297
2023-01-23 11:00:00Z,185.0052
2023-01-24 11:00:00Z,186.4722
2023-01-25 11:00:00Z,195.3505
2023-01-26 11:00:00Z,195.8202
2023-01-27 11:00:00Z,187.5883
2023-01-28 11:00:00Z,182.5872
2023-01-29 11:00:00Z,178.9404
2023-01-30 11:00:00Z,126.3811
2023-01-31 11:00:00Z,131.0841
2023-02-01 11:00:00Z,134.2205
2023-02-02 11:00:00Z,142.1651
2023-02-03 11:00:00Z,153.7128
2023-02-04 11:00:00Z,151.5892
2023-02-05 11:00:00Z,122.3719
2023-02-06 11:00:00Z,164.3351
2023-02-07 11:00:00Z,174.7276
2023-02-08 11:00:00Z,148.5849
2023-02-09 11:00:00Z,141.4336
2023-02-10 11:00:00Z,142.6716
2023-02-11 11:00:00Z,147.059
2023-02-12 11:00:00Z,160.3841
2023-02-13 11:00:00Z,156.2436
2023-02-14 11:00:00Z,162.1021
2023-02-15 11:00:00Z,163.817
2023-02-16 11:00:00Z,164.0986
2023-02-17 11:00:00Z,139.5394
2023-02-18 11:00:00Z,135.7784
2023-02-19 11:00:00Z,135.7366
2023-02-20 11:00:00Z,142.9439
2023-02-21 11:00:00Z,171.7888
2023-02-22 11:00:00Z,179.138
2023-02-23 11:00:00Z,186.259
2023-02-24 11:00:00Z,183.1955
2023-02-25 11:00:00Z,176.9044
2023-02-26 11:00:00Z,172.6356
2023-02-27 11:00:00Z,170.8922
2023-02-28 11:00:00Z,177.7031
2023-03-01 11:00:00Z,176.2369
2023-03-02 11:00:00Z,173.9538
2023-03-03 11:00:00Z,131.5182
2023-03-04 11:00:00Z,128.6019
2023-03-05 11:00:00Z,131.649
2023-03-06 11:00:00Z,154.1902
2023-03-07 11:00:00Z,153.6388
2023-03-08 11:00:00Z,153.4317
2023-03-09 11:00:00Z,153.9429
2023-03-10 11:00:00Z,153.701
2023-03-11 11:00:00Z,151.9223
2023-03-12 11:00:00Z,151.0667
2023-03-13 11:00:00Z,103.5109
2023-03-14 11:00:00Z,101.1411
2023-03-15 11:00:00Z,121.726
2023-03-16 11:00:00Z,141.3223
2023-03-17 11:00:00Z,156.9943
2023-03-18 11:00:00Z,164.2166
2023-03-19 11:00:00Z,166.1775
2023-03-20 11:00:00Z,166.7363
2023-03-21 11:00:00Z,164.6607
2023-03-22 11:00:00Z,168.0749
2023-03-23 11:00:00Z,179.9713
2023-03-24 11:00:00Z,185.2482
2023-03-25 11:00:00Z,157.2717
2023-03-26 11:00:00Z,111.3312
2023-03-27 11:00:00Z,126.6336
2023-03-28 11:00:00Z,179.2953
2023-03-29 11:00:00Z,177.2563
2023-03-30 11:00:00Z,149.8334
2023-03-31 11:00:00Z,147.9894
2023-04-01 11:00:00Z,129.0417
2023-04-02 11:00:00Z,129.3907
2023-04-03 11:00:00Z,155.8924
2023-04-04 11:00:00Z,179.1129
2023-04-05 11:00:00Z,181.7629
2023-04-06 11:00:00Z,182.1357
2023-04-07 11:00:00Z,180.8824
2023-04-08 11:00:00Z,179.9331
2023-04-09 11:00:00Z,180.3867
2023-04-10 11:00:00Z,182.5025
2023-04-11 11:00:00Z,219.898
2023-04-12 11:00:00Z,202.6925
2023-04-13 11:00:00Z,188.0948
2023-04-14 11:00:00Z,228.7829
2023-04-15 11:00:00Z,227.089
2023-04-16 11:00:00Z,228.8471
2023-04-17 11:00:00Z,226.7114
2023-04-18 11:00:00Z,222.2794
2023-04-19 11:00:00Z,187.7521
2023-04-20 11:00:00Z,159.3576
2023-04-21 11:00:00Z,156.0191
2023-04-22 11:00:00Z,184.2453
2023-04-23 11:00:00Z,203.9916
2023-04-24 11:00:00Z,206.2413
2023-04-25 11:00:00Z,181.6616
2023-04-26 11:00:00Z,162.2337
2023-04-27 11:00:00Z,186.9973
2023-04-28 11:00:00Z,216.4696
2023-04-29 11:00:00Z,203.6631
2023-04-30 11:00:00Z,202.8221
2023-05-01 11:00:00Z,206.7113
2023-05-02 11:00:00Z,207.9035
2023-05-03 11:00:00Z,204.4491
2023-05-04 11:00:00Z,196.1744
2023-05-05 11:00:00Z,197.6149
2023-05-06 11:00:00Z,197.3482
2023-05-07 11:00:00Z,198.2234
2023-05-08 11:00:00Z,197.1709
2023-05-09 11:00:00Z,205.2897
2023-05-10 11:00:00Z,227.8133
2023-05-11 11:00:00Z,230.629
2023-05-12 11:00:00Z,222.8031
2023-05-13 11:00:00Z,220.7598
2023-05-14 11:00:00Z,222.1219
2023-05-15 11:00:00Z,217.978
2023-05-16 11:00:00Z,205.7451
2023-05-17 11:00:00Z,204.1498
2023-05-18 11:00:00Z,209.7638
2023-05-19 11:00:00Z,210.8592
2023-05-20 11:00:00Z,178.6178
2023-05-21 11:00:00Z,146.3332
2023-05-22 11:00:00Z,166.4237
2023-05-23 11:00:00Z,192.9784
2023-05-24 11:00:00Z,146.6873
2023-05-25 11:00:00Z,144.6443
2023-05-26 11:00:00Z,110.1995
2023-05-27 11:00:00Z,101.6658
2023-05-28 11:00:00Z,99.71887
2023-05-29 11:00:00Z,98.73637
2023-05-30 11:00:00Z,99.5048
2023-05-31 11:00:00Z,136.7258
2023-06-01 11:00:00Z,123.1513
2023-06-02 11:00:00Z,138.8456
2023-06-03 11:00:00Z,112.7335
2023-06-04 11:00:00Z,107.0584
2023-06-05 11:00:00Z,137.5898
2023-06-06 11:00:00Z,143.1261
2023-06-07 11:00:00Z,146.0153
2023-06-08 11:00:00Z,144.9422
2023-06-09 11:00:00Z,142.9223
2023-06-10 11:00:00Z,110.4345
2023-06-11 11:00:00Z,96.27215
2023-06-12 11:00:00Z,97.54495
2023-06-13 11:00:00Z,98.70155
2023-06-14 11:00:00Z,88.28105
2023-06-15 11:00:00Z,86.65723
2023-06-16 11:00:00Z,72.97704
2023-06-17 11:00:00Z,62.08027
2023-06-18 11:00:00Z,63.03348
2023-06-19 11:00:00Z,69.87236
2023-06-20 11:00:00Z,80.27564
2023-06-21 11:00:00Z,84.43005
2023-06-22 11:00:00Z,81.71341
2023-06-23 11:00:00Z,80.959
2023-06-24 11:00:00Z,81.19493
2023-06-25 11:00:00Z,82.4493
2023-06-26 11:00:00Z,111.7616
2023-06-27 11:00:00Z,110.622
2023-06-28 11:00:00Z,112.8399
2023-06-29 11:00:00Z,110.9938
2023-06-30 11:00:00Z,108.7541
2023-07-01 11:00:00Z,94.67262
2023-07-02 11:00:00Z,68.28455
2023-07-03 11:00:00Z,65.94989
2023-07-04 11:00:00Z,67.45357
2023-07-05 11:00:00Z,83.00822
2023-07-06 11:00:00Z,142.7861
2023-07-07 11:00:00Z,141.157
2023-07-08 11:00:00Z,96.95143
2023-07-09 11:00:00Z,74.61051
2023-07-10 11:00:00Z,93.87526
2023-07-11 11:00:00Z,130.256
2023-07-12 11:00:00Z,173.0762
2023-07-13 11:00:00Z,166.3387
2023-07-14 11:00:00Z,160.8665
2023-07-15 11:00:00Z,109.6435
2023-07-16 11:00:00Z,92.42472
2023-07-17 11:00:00Z,125.4143
2023-07-18 11:00:00Z,179.4407
2023-07-19 11:00:00Z,177.6157
2023-07-20 11:00:00Z,161.9795
2023-07-21 11:00:00Z,169.8724
2023-07-22 11:00:00Z,148.5204
2023-07-23 11:00:00Z,88.54514
2023-07-24 11:00:00Z,137.1208
2023-07-25 11:00:00Z,86.17538
2023-07-26 11:00:00Z,80.94545
2023-07-27 11:00:00Z,92.57191
2023-07-28 11:00:00Z,91.99754
2023-07-29 11:00:00Z,92.93408
2023-07-30 11:00:00Z,65.55362
2023-07-31 11:00:00Z,88.74603
2023-08-01 11:00:00Z,113.6352
2023-08-02 11:00:00Z,114.5928
2023-08-03 11:00:00Z,76.90878
2023-08-04 11:00:00Z,60.80762
2023-08-05 11:00:00Z,60.8651
2023-08-06 11:00:00Z,62.93468
2023-08-07 11:00:00Z,61.78827
2023-08-08 11:00:00Z,62.63378
2023-08-09 11:00:00Z,62.23798
2023-08-10 11:00:00Z,61.58809
2023-08-11 11:00:00Z,60.79959
2023-08-12 11:00:00Z,62.18121
2023-08-13 11:00:00Z,61.36305
2023-08-14 11:00:00Z,72.78949
2023-08-15 11:00:00Z,77.20539
2023-08-16 11:00:00Z,101.8075
2023-08-17 11:00:00Z,106.1313
2023-08-18 11:00:00Z,107.3497
2023-08-19 11:00:00Z,115.3693
2023-08-20 11:00:00Z,139.2652
2023-08-21 11:00:00Z,128.162
2023-08-22 11:00:00Z,133.1069
2023-08-23 11:00:00Z,154.4357
2023-08-24 11:00:00Z,155.5146
2023-08-25 11:00:00Z,162.9173
2023-08-26 11:00:00Z,162.5117
2023-08-27 11:00:00Z,191.9192
2023-08-28 11:00:00Z,192.9299
2023-08-29 11:00:00Z,101.261
2023-08-30 11:00:00Z,68.9245
2023-08-31 11:00:00Z,65.11184
2023-09-01 11:00:00Z,79.29094
2023-09-02 11:00:00Z,165.2707
2023-09-03 11:00:00Z,165.1347
2023-09-04 11:00:00Z,176.2551
2023-09-05 11:00:00Z,177.5103
2023-09-06 11:00:00Z,194.0116
2023-09-07 11:00:00Z,197.9007
2023-09-08 11:00:00Z,199.3079
2023-09-09 11:00:00Z,159.0669
2023-09-10 11:00:00Z,152.4697
2023-09-11 11:00:00Z,151.8488
2023-09-12 11:00:00Z,151.088
2023-09-13 11:00:00Z,149.2166
2023-09-14 11:00:00Z,148.0826
2023-09-15 11:00:00Z,148.9483
2023-09-16 11:00:00Z,164.7927
2023-09-17 11:00:00Z,172.7851
2023-09-18 11:00:00Z,270.4709
2023-09-19 11:00:00Z,380.8464
2023-09-20 11:00:00Z,255.4902
2023-09-21 11:00:00Z,286.058
2023-09-22 11:00:00Z,253.4827
2023-09-23 11:00:00Z,196.5491
2023-09-24 11:00:00Z,176.9417
2023-09-25 11:00:00Z,182.8618
2023-09-26 11:00:00Z,183.3579
2023-09-27 11:00:00Z,195.6539
2023-09-28 11:00:00Z,187.5233
2023-09-29 11:00:00Z,188.5865
2023-09-30 11:00:00Z,125.3936
2023-10-01 11:00:00Z,171.5225
2023-10-02 11:00:00Z,172.8323
2023-10-03 11:00:00Z,142.1643
2023-10-04 11:00:00Z,121.8244
2023-10-05 11:00:00Z,129.0557
2023-10-06 11:00:00Z,103.3762
2023-10-07 11:00:00Z,115.3105
2023-10-08 11:00:00Z,151.6517
2023-10-09 11:00:00Z,152.7335
2023-10-10 11:00:00Z,112.3631
2023-10-11 11:00:00Z,83.28132
2023-10-12 11:00:00Z,72.21354
2023-10-13 11:00:00Z,72.80022
2023-10-14 11:00:00Z,92.19653
2023-10-15 11:00:00Z,81.32812
2023-10-16 11:00:00Z,93.82157
2023-10-17 11:00:00Z,102.2731
2023-10-18 11:00:00Z,101.1075
2023-10-19 11:00:00Z,100.5552
2023-10-20 11:00:00Z,100.9767
2023-10-21 11:00:00Z,105.3376
2023-10-22 11:00:00Z,124.176
2023-10-23 11:00:00Z,162.2754
2023-10-24 11:00:00Z,144.9571
2023-10-25 11:00:00Z,143.741
2023-10-26 11:00:00Z,181.1358
2023-10-27 11:00:00Z,176.4008
2023-10-28 11:00:00Z,81.54968
2023-10-29 11:00:00Z,74.61816
2023-10-30 11:00:00Z,153.9686
2023-10-31 11:00:00Z,144.4002
2023-11-01 11:00:00Z,143.6798
2023-11-02 11:00:00Z,150.7229
2023-11-03 11:00:00Z,256.5261
2023-11-04 11:00:00Z,397.7462
2023-11-05 11:00:00Z,339.7511
2023-11-06 11:00:00Z,238.5072
2023-11-07 11:00:00Z,207.2482
2023-11-08 11:00:00Z,194.6144
2023-11-09 11:00:00Z,192.8271
2023-11-10 11:00:00Z,188.4596
2023-11-11 11:00:00Z,182.7763
2023-11-12 11:00:00Z,180.5825
2023-11-13 11:00:00Z,181.3839
2023-11-14 11:00:00Z,174.2978
2023-11-15 11:00:00Z,176.5729
2023-11-16 11:00:00Z,132.2284
2023-11-17 11:00:00Z,171.3682
2023-11-18 11:00:00Z,195.7107
2023-11-19 11:00:00Z,171.1757
2023-11-20 11:00:00Z,187.4072
2023-11-21 11:00:00Z,201.8812
2023-11-22 11:00:00Z,197.1582
2023-11-23 11:00:00Z,184.083
2023-11-24 11:00:00Z,159.1021
2023-11-25 11:00:00Z,172.1857
2023-11-26 11:00:00Z,195.5422
2023-11-27 11:00:00Z,193.5184
2023-11-28 11:00:00Z,191.9278
2023-11-29 11:00:00Z,190.7681
2023-11-30 11:00:00Z,189.9621
2023-12-01 11:00:00Z,190.1307
2023-12-02 11:00:00Z,188.7957
2023-12-03 11:00:00Z,188.3488
2023-12-04 11:00:00Z,189.2258
2023-12-05 11:00:00Z,188.0424
2023-12-06 11:00:00Z,187.4743
2023-12-07 11:00:00Z,130.5671
2023-12-08 11:00:00Z,143.5581
2023-12-09 11:00:00Z,105.4999
2023-12-10 11:00:00Z,100.6535
2023-12-11 11:00:00Z,125.9241
2023-12-12 11:00:00Z,190.4424
2023-12-13 11:00:00Z,197.9807
2023-12-14 11:00:00Z,196.2884
2023-12-15 11:00:00Z,192.2561
2023-12-16 11:00:00Z,183.0848
2023-12-17 11:00:00Z,180.4776
2023-12-18 11:00:00Z,169.7084
2023-12-19 11:00:00Z,144.9011
2023-12-20 11:00:00Z,134.5913
2023-12-21 11:00:00Z,120.4754
2023-12-22 11:00:00Z,126.4971
2023-12-23 11:00:00Z,101.9389
2023-12-24 11:00:00Z,91.12796
2023-12-25 11:00:00Z,90.25039
2023-12-26 11:00:00Z,87.61848
2023-12-27 11:00:00Z,86.84814
2023-12-28 11:00:00Z,87.29899
2023-12-29 11:00:00Z,88.26764
2023-12-30 11:00:00Z,90.07361
2023-12-31 11:00:00Z,88.02957
2024-01-01 11:00:00Z,108.1062
2024-01-02 11:00:00Z,120.4212
2024-01-03 11:00:00Z,132.7339
2024-01-04 11:00:00Z,140.761
2024-01-05 11:00:00Z,141.1847
2024-01-06 11:00:00Z,140.1135
2024-01-07 11:00:00Z,153.9894
2024-01-08 11:00:00Z,239.866
2024-01-09 11:00:00Z,303.398
2024-01-10 11:00:00Z,282.7107
2024-01-11 11:00:00Z,245.2401
2024-01-12 11:00:00Z,212.0399
2024-01-13 11:00:00Z,178.7798
2024-01-14 11:00:00Z,163.6461
2024-01-15 11:00:00Z,191.3551
2024-01-16 11:00:00Z,194.3416
2024-01-17 11:00:00Z,194.9613
2024-01-18 11:00:00Z,194.8619
2024-01-19 11:00:00Z,201.9456
2024-01-20 11:00:00Z,194.7091
2024-01-21 11:00:00Z,127.3083
2024-01-22 11:00:00Z,225.0591
2024-01-23 11:00:00Z,220.9325
2024-01-24 11:00:00Z,205.7631
2024-01-25 11:00:00Z,222.6045
2024-01-26 11:00:00Z,226.9319
2024-01-27 11:00:00Z,221.2756
2024-01-28 11:00:00Z,207.434
2024-01-29 11:00:00Z,210.3931
2024-01-30 11:00:00Z,211.434
2024-01-31 11:00:00Z,215.5447
2024-02-01 11:00:00Z,201.5675
2024-02-02 11:00:00Z,134.3665
2024-02-03 11:00:00Z,133.2475
2024-02-04 11:00:00Z,123.0732
2024-02-05 11:00:00Z,177.5778
2024-02-06 11:00:00Z,187.4134
2024-02-07 11:00:00Z,193.9824
2024-02-08 11:00:00Z,192.0431
2024-02-09 11:00:00Z,161.6213
2024-02-10 11:00:00Z,112.1875
2024-02-11 11:00:00Z,104.2629
2024-02-12 11:00:00Z,103.1819
2024-02-13 11:00:00Z,102.9152
2024-02-14 11:00:00Z,102.8428
2024-02-15 11:00:00Z,105.8977
2024-02-16 11:00:00Z,129.4376
2024-02-17 11:00:00Z,190.5985
2024-02-18 11:00:00Z,187.0226
2024-02-19 11:00:00Z,184.3708
2024-02-20 11:00:00Z,204.1102
2024-02-21 11:00:00Z,213.946
2024-02-22 11:00:00Z,205.9365
2024-02-23 11:00:00Z,303.9535
2024-02-24 11:00:00Z,257.2573
2024-02-25 11:00:00Z,235.7247
2024-02-26 11:00:00Z,228.7683
2024-02-27 11:00:00Z,223.6455
2024-02-28 11:00:00Z,223.3238
2024-02-29 11:00:00Z,239.8588
2024-03-01 11:00:00Z,285.2249
2024-03-02 11:00:00Z,274.3971
2024-03-03 11:00:00Z,241.9468
2024-03-04 11:00:00Z,240.12
2024-03-05 11:00:00Z,230.8016
2024-03-06 11:00:00Z,224.208
2024-03-07 11:00:00Z,216.3962
2024-03-08 11:00:00Z,214.0084
2024-03-09 11:00:00Z,193.8978
2024-03-10 11:00:00Z,191.8957
2024-03-11 11:00:00Z,191.0573
2024-03-12 11:00:00Z,204.4107
2024-03-13 11:00:00Z,211.6422
2024-03-14 11:00:00Z,217.4326
2024-03-15 11:00:00Z,224.3304
2024-03-16 11:00:00Z,229.2157
2024-03-17 11:00:00Z,223.5308
2024-03-18 11:00:00Z,219.5694
2024-03-19 11:00:00Z,217.1113
2024-03-20 11:00:00Z,217.7984
2024-03-21 11:00:00Z,218.031
2024-03-22 11:00:00Z,218.2245
2024-03-23 11:00:00Z,188.1285
2024-03-24 11:00:00Z,187.3105
2024-03-25 11:00:00Z,218.1193
2024-03-26 11:00:00Z,220.4139
2024-03-27 11:00:00Z,220.6472
2024-03-28 11:00:00Z,220.5677
2024-03-29 11:00:00Z,228.3993
2024-03-30 11:00:00Z,229.1914
2024-03-31 11:00:00Z,237.4444
2024-04-01 11:00:00Z,226.9419
2024-04-02 11:00:00Z,225.4869
2024-04-03 11:00:00Z,222.7208
2024-04-04 11:00:00Z,225.9422
2024-04-05 11:00:00Z,224.6777
2024-04-06 11:00:00Z,223.7681
2024-04-07 11:00:00Z,232.9061
2024-04-08 11:00:00Z,256.8387
2024-04-09 11:00:00Z,244.768
2024-04-10 11:00:00Z,253.196
2024-04-11 11:00:00Z,246.7119
2024-04-12 11:00:00Z,239.7699
2024-04-13 11:00:00Z,236.0396
2024-04-14 11:00:00Z,233.5576
2024-04-15 11:00:00Z,248.6541
2024-04-16 11:00:00Z,252.8957
2024-04-17 11:00:00Z,226.109
2024-04-18 11:00:00Z,223.8306
2024-04-19 11:00:00Z,222.2756
2024-04-20 11:00:00Z,221.3936
2024-04-21 11:00:00Z,219.4303
2024-04-22 11:00:00Z,220.8834
2024-04-23 11:00:00Z,221.8898
2024-04-24 11:00:00Z,266.4745
2024-04-25 11:00:00Z,255.8585
2024-04-26 11:00:00Z,260.2216
2024-04-27 11:00:00Z,257.0283
2024-04-28 11:00:00Z,258.9652
2024-04-29 11:00:00Z,178.2413
2024-04-30 11:00:00Z,96.17589
2024-05-01 11:00:00Z,87.27493
2024-05-02 11:00:00Z,90.17097
2024-05-03 11:00:00Z,157.0174
2024-05-04 11:00:00Z,217.5237
2024-05-05 11:00:00Z,216.7176
2024-05-06 11:00:00Z,213.71
2024-05-07 11:00:00Z,207.8992
2024-05-08 11:00:00Z,198.5983
2024-05-09 11:00:00Z,194.7676
2024-05-10 11:00:00Z,197.7601
2024-05-11 11:00:00Z,181.1612
2024-05-12 11:00:00Z,182.8684
2024-05-13 11:00:00Z,178.3298
2024-05-14 11:00:00Z,168.0733
2024-05-15 11:00:00Z,156.2262
2024-05-16 11:00:00Z,153.5332
2024-05-17 11:00:00Z,154.6382
2024-05-18 11:00:00Z,154.4647
2024-05-19 11:00:00Z,151.9903
2024-05-20 11:00:00Z,152.1815
2024-05-21 11:00:00Z,153.3436
2024-05-22 11:00:00Z,153.2923
2024-05-23 11:00:00Z,149.9386
2024-05-24 11:00:00Z,160.2181
2024-05-25 11:00:00Z,223.4235
2024-05-26 11:00:00Z,243.8012
2024-05-27 11:00:00Z,233.7707
2024-05-28 11:00:00Z,253.8475
2024-05-29 11:00:00Z,279.9944
2024-05-30 11:00:00Z,331.753
2024-05-31 11:00:00Z,326.0719
2024-06-01 11:00:00Z,294.1331
2024-06-02 11:00:00Z,260.4597
2024-06-03 11:00:00Z,225.6221
2024-06-04 11:00:00Z,206.1411
2024-06-05 11:00:00Z,210.9511
2024-06-06 11:00:00Z,206.2881
2024-06-07 11:00:00Z,197.9326
2024-06-08 11:00:00Z,199.5437
2024-06-09 11:00:00Z,204.7263
2024-06-10 11:00:00Z,187.5511
2024-06-11 11:00:00Z,167.6289
2024-06-12 11:00:00Z,185.1391
2024-06-13 11:00:00Z,188.8707
2024-06-14 11:00:00Z,202.0067
2024-06-15 11:00:00Z,217.1424
2024-06-16 11:00:00Z,279.3092
2024-06-17 11:00:00Z,281.4568
2024-06-18 11:00:00Z,313.511
2024-06-19 11:00:00Z,269.6033
2024-06-20 11:00:00Z,232.2314
2024-06-21 11:00:00Z,224.469
2024-06-22 11:00:00Z,223.9292
2024-06-23 11:00:00Z,222.2445
2024-06-24 11:00:00Z,192.8403
2024-06-25 11:00:00Z,188.5488
2024-06-26 11:00:00Z,183.8446
2024-06-27 11:00:00Z,157.4699
2024-06-28 11:00:00Z,148.9216
2024-06-29 11:00:00Z,132.8434
2024-06-30 11:00:00Z,117.1883
2024-07-01 11:00:00Z,117.7812
2024-07-02 11:00:00Z,118.0011
2024-07-03 11:00:00Z,118.6398
2024-07-04 11:00:00Z,122.3297
2024-07-05 11:00:00Z,124.6921
2024-07-06 11:00:00Z,106.305
2024-07-07 11:00:00Z,93.71885
2024-07-08 11:00:00Z,97.80276
2024-07-09 11:00:00Z,156.2689
2024-07-10 11:00:00Z,184.3499
2024-07-11 11:00:00Z,205.5803
2024-07-12 11:00:00Z,205.7875
2024-07-13 11:00:00Z,194.3873
2024-07-14 11:00:00Z,201.1242
2024-07-15 11:00:00Z,230.4576
2024-07-16 11:00:00Z,234.3841
2024-07-17 11:00:00Z,226.7944
2024-07-18 11:00:00Z,211.6122
2024-07-19 11:00:00Z,194.0626
2024-07-20 11:00:00Z,180.2487
2024-07-21 11:00:00Z,165.8225
2024-07-22 11:00:00Z,163.7684
2024-07-23 11:00:00Z,146.5545
2024-07-24 11:00:00Z,148.9359
2024-07-25 11:00:00Z,173.0013
2024-07-26 11:00:00Z,173.1702
2024-07-27 11:00:00Z,172.3405
2024-07-28 11:00:00Z,163.1409
2024-07-29 11:00:00Z,145.7737
2024-07-30 11:00:00Z,94.14114
2024-07-31 11:00:00Z,67.57505
2024-08-01 11:00:00Z,65.08953
2024-08-02 11:00:00Z,62.66064
2024-08-03 11:00:00Z,62.86747
2024-08-04 11:00:00Z,62.92563
2024-08-05 11:00:00Z,62.56439
2024-08-06 11:00:00Z,62.46107
2024-08-07 11:00:00Z,68.37881
2024-08-08 11:00:00Z,72.49992
2024-08-09 11:00:00Z,78.40605
2024-08-10 11:00:00Z,78.42304
2024-08-11 11:00:00Z,77.31581
2024-08-12 11:00:00Z,79.26994
2024-08-13 11:00:00Z,83.03039
2024-08-14 11:00:00Z,93.79515
2024-08-15 11:00:00Z,90.83229
2024-08-16 11:00:00Z,95.43829
2024-08-17 11:00:00Z,92.01233
2024-08-18 11:00:00Z,93.4722
2024-08-19 11:00:00Z,93.28381
2024-08-20 11:00:00Z,102.4016
2024-08-21 11:00:00Z,130.3796
2024-08-22 11:00:00Z,122.3658
2024-08-23 11:00:00Z,134.2038
2024-08-24 11:00:00Z,136.4706
2024-08-25 11:00:00Z,164.3437
2024-08-26 11:00:00Z,140.9376
2024-08-27 11:00:00Z,221.2023
2024-08-28 11:00:00Z,224.7847
2024-08-29 11:00:00Z,119.0723
2024-08-30 11:00:00Z,102.5807
2024-08-31 11:00:00Z,108.3456
2024-09-01 11:00:00Z,181.9694
2024-09-02 11:00:00Z,191.6082
2024-09-03 11:00:00Z,197.8406
2024-09-04 11:00:00Z,127.5287
2024-09-05 11:00:00Z,124.7997
2024-09-06 11:00:00Z,111.8645
2024-09-07 11:00:00Z,118.9949
2024-09-08 11:00:00Z,199.195
2024-09-09 11:00:00Z,112.6284
2024-09-10 11:00:00Z,170.4652
2024-09-11 11:00:00Z,197.8205
2024-09-12 11:00:00Z,199.5138
2024-09-13 11:00:00Z,133.9762
2024-09-14 11:00:00Z,112.0151
2024-09-15 11:00:00Z,160.0622
2024-09-16 11:00:00Z,127.5123
2024-09-17 11:00:00Z,116.022
2024-09-18 11:00:00Z,120.7117
2024-09-19 11:00:00Z,119.4904
2024-09-20 11:00:00Z,177.7696
2024-09-21 11:00:00Z,164.4406
2024-09-22 11:00:00Z,165.5153
2024-09-23 11:00:00Z,119.173
2024-09-24 11:00:00Z,157.5775
2024-09-25 11:00:00Z,175.1878
2024-09-26 11:00:00Z,185.543
2024-09-27 11:00:00Z,174.3443
2024-09-28 11:00:00Z,172.1585
2024-09-29 11:00:00Z,171.5413
2024-09-30 11:00:00Z,171.1882
2024-10-01 11:00:00Z,172.6907
2024-10-02 11:00:00Z,171.8968
2024-10-03 11:00:00Z,171.8054
2024-10-04 11:00:00Z,171.5585
2024-10-05 11:00:00Z,171.5957
2024-10-06 11:00:00Z,171.719
2024-10-07 11:00:00Z,169.9163
2024-10-08 11:00:00Z,138.101
2024-10-09 11:00:00Z,158.6094
2024-10-10 11:00:00Z,188.7179
2024-10-11 11:00:00Z,160.0355
2024-10-12 11:00:00Z,160.0258
2024-10-13 11:00:00Z,174.4077
2024-10-14 11:00:00Z,169.4439
2024-10-15 11:00:00Z,163.7772
2024-10-16 11:00:00Z,169.4299
2024-10-17 11:00:00Z,169.1092
2024-10-18 11:00:00Z,174.4944
2024-10-19 11:00:00Z,180.2945
2024-10-20 11:00:00Z,185.9974
2024-10-21 11:00:00Z,209.2722
2024-10-22 11:00:00Z,185.6436
2024-10-23 11:00:00Z,164.8485
2024-10-24 11:00:00Z,171.9227
2024-10-25 11:00:00Z,176.2041
2024-10-26 11:00:00Z,168.1616
2024-10-27 11:00:00Z,134.2092
2024-10-28 11:00:00Z,125.0962
2024-10-29 11:00:00Z,114.7614
2024-10-30 11:00:00Z,108.2089
2024-10-31 11:00:00Z,104.912
2024-11-01 11:00:00Z,104.2921
2024-11-02 11:00:00Z,102.489
2024-11-03 11:00:00Z,101.455
2024-11-04 11:00:00Z,113.7455
2024-11-05 11:00:00Z,145.2983
2024-11-06 11:00:00Z,136.6543
2024-11-07 11:00:00Z,94.53426
2024-11-08 11:00:00Z,104.0145
2024-11-09 11:00:00Z,103.0556
2024-11-10 11:00:00Z,104.9597
2024-11-11 11:00:00Z,104.3625
2024-11-12 11:00:00Z,104.987
2024-11-13 11:00:00Z,105.5665
2024-11-14 11:00:00Z,105.059
2024-11-15 11:00:00Z,103.7643
2024-11-16 11:00:00Z,103.9144
2024-11-17 11:00:00Z,103.4561
2024-11-18 11:00:00Z,102.8531
2024-11-19 11:00:00Z,102.9061
2024-11-20 11:00:00Z,102.7619
2024-11-21 11:00:00Z,102.8528
2024-11-22 11:00:00Z,97.90556
2024-11-23 11:00:00Z,101.9201
2024-11-24 11:00:00Z,113.9374
2024-11-25 11:00:00Z,167.4665
2024-11-26 11:00:00Z,161.3272
2024-11-27 11:00:00Z,178.1773
2024-11-28 11:00:00Z,192.4357
2024-11-29 11:00:00Z,198.3867
2024-11-30 11:00:00Z,200.6995
2024-12-01 11:00:00Z,203.1764
2024-12-02 11:00:00Z,210.5255
2024-12-03 11:00:00Z,206.7221
2024-12-04 11:00:00Z,204.0914
2024-12-05 11:00:00Z,207.6622
2024-12-06 11:00:00Z,203.4589
2024-12-07 11:00:00Z,200.2302
2024-12-08 11:00:00Z,199.0095
2024-12-09 11:00:00Z,202.5495
2024-12-10 11:00:00Z,202.9738
2024-12-11 11:00:00Z,204.5496
2024-12-12 11:00:00Z,204.3867
2024-12-13 11:00:00Z,203.5015
2024-12-14 11:00:00Z,192.585
2024-12-15 11:00:00Z,186.9581
2024-12-16 11:00:00Z,99.02261
2024-12-17 11:00:00Z,149.4049
2024-12-18 11:00:00Z,164.2249
2024-12-19 11:00:00Z,166.1571
2024-12-20 11:00:00Z,132.6146
2024-12-21 11:00:00Z,109.8696
2024-12-22 11:00:00Z,113.0328
2024-12-23 11:00:00Z,156.3353
2024-12-24 11:00:00Z,181.4999
2024-12-25 11:00:00Z,177.3978
2024-12-26 11:00:00Z,175.0213
2024-12-27 11:00:00Z,173.1099
2024-12-28 11:00:00Z,148.4087
2024-12-29 11:00:00Z,97.95035
2024-12-30 11:00:00Z,85.02692
2024-12-31 11:00:00Z,84.97679
2025-01-01 11:00:00Z,86.96999
2025-01-02 11:00:00Z,145.9912
2025-01-03 11:00:00Z,162.8737
2025-01-04 11:00:00Z,162.2254
2025-01-05 11:00:00Z,159.7292
2025-01-06 11:00:00Z,128.6587
2025-01-07 11:00:00Z,128.644
2025-01-08 11:00:00Z,160.5034
2025-01-09 11:00:00Z,169.6171
2025-01-10 11:00:00Z,171.2002
2025-01-11 11:00:00Z,170.1703
2025-01-12 11:00:00Z,170.1442
2025-01-13 11:00:00Z,169.6353
2025-01-14 11:00:00Z,158.5602
2025-01-15 11:00:00Z,160.9049
2025-01-16 11:00:00Z,110.6263
2025-01-17 11:00:00Z,99.06242
2025-01-18 11:00:00Z,97.21464
2025-01-19 11:00:00Z,103.2362
2025-01-20 11:00:00Z,191.1987
2025-01-21 11:00:00Z,204.9767
2025-01-22 11:00:00Z,203.9909
2025-01-23 11:00:00Z,203.2153
2025-01-24 11:00:00Z,212.8588
2025-01-25 11:00:00Z,224.0725
2025-01-26 11:00:00Z,185.5071
2025-01-27 11:00:00Z,172.278
2025-01-28 11:00:00Z,202.084
2025-01-29 11:00:00Z,214.8408
2025-01-30 11:00:00Z,199.6865
2025-01-31 11:00:00Z,201.5271
2025-02-01 11:00:00Z,200.2902
2025-02-02 11:00:00Z,198.5273
2025-02-03 11:00:00Z,196.2581
2025-02-04 11:00:00Z,194.0262
2025-02-05 11:00:00Z,189.1686
2025-02-06 11:00:00Z,187.4943
2025-02-07 11:00:00Z,181.3178
2025-02-08 11:00:00Z,178.0993
2025-02-09 11:00:00Z,175.098
2025-02-10 11:00:00Z,173.4398
2025-02-11 11:00:00Z,170.3775
2025-02-12 11:00:00Z,160.1561
2025-02-13 11:00:00Z,157.7712
2025-02-14 11:00:00Z,154.7886
2025-02-15 11:00:00Z,144.481
2025-02-16 11:00:00Z,140.877
2025-02-17 11:00:00Z,146.8611
2025-02-18 11:00:00Z,146.374
2025-02-19 11:00:00Z,150.0588
2025-02-20 11:00:00Z,150.4151
2025-02-21 11:00:00Z,152.022
2025-02-22 11:00:00Z,192.0192
2025-02-23 11:00:00Z,205.7235
2025-02-24 11:00:00Z,261.4492
2025-02-25 11:00:00Z,239.2475
2025-02-26 11:00:00Z,171.5858
2025-02-27 11:00:00Z,154.1746
2025-02-28 11:00:00Z,207.9418
2025-03-01 11:00:00Z,223.9346
2025-03-02 11:00:00Z,221.5714
2025-03-03 11:00:00Z,222.1591
2025-03-04 11:00:00Z,223.5442
2025-03-05 11:00:00Z,223.1227
2025-03-06 11:00:00Z,217.2389
2025-03-07 11:00:00Z,214.0651
2025-03-08 11:00:00Z,213.6113
2025-03-09 11:00:00Z,211.9756
2025-03-10 11:00:00Z,211.1192
2025-03-11 11:00:00Z,213.5855
2025-03-12 11:00:00Z,217.0635
2025-03-13 11:00:00Z,216.0588
2025-03-14 11:00:00Z,216.5465
2025-03-15 11:00:00Z,216.7926
2025-03-16 11:00:00Z,211.8186
2025-03-17 11:00:00Z,210.6902
2025-03-18 11:00:00Z,135.6612
2025-03-19 11:00:00Z,125.7839
2025-03-20 11:00:00Z,181.5085
2025-03-21 11:00:00Z,177.6938
2025-03-22 11:00:00Z,120.3453
2025-03-23 11:00:00Z,125.743
2025-03-24 11:00:00Z,172.3123
2025-03-25 11:00:00Z,191.4011
2025-03-26 11:00:00Z,191.7684
2025-03-27 11:00:00Z,155.5299
2025-03-28 11:00:00Z,149.1938
2025-03-29 11:00:00Z,148.8946
2025-03-30 11:00:00Z,150.7956
2025-03-31 11:00:00Z,177.3012
2025-04-01 11:00:00Z,183.7247
2025-04-02 11:00:00Z,184.0279
2025-04-03 11:00:00Z,183.6871
2025-04-04 11:00:00Z,182.882
2025-04-05 11:00:00Z,129.9941
2025-04-06 11:00:00Z,123.3572
2025-04-07 11:00:00Z,181.4884
2025-04-08 11:00:00Z,181.846
2025-04-09 11:00:00Z,180.4925
2025-04-10 11:00:00Z,179.7342
2025-04-11 11:00:00Z,124.4485
2025-04-12 11:00:00Z,103.5357
2025-04-13 11:00:00Z,96.58129
2025-04-14 11:00:00Z,117.3775
2025-04-15 11:00:00Z,122.2438
2025-04-16 11:00:00Z,155.9058
2025-04-17 11:00:00Z,161.4102
2025-04-18 11:00:00Z,156.7406
2025-04-19 11:00:00Z,130.2419
2025-04-20 11:00:00Z,143.6992
2025-04-21 11:00:00Z,183.7128
2025-04-22 11:00:00Z,162.306
2025-04-23 11:00:00Z,114.9251
2025-04-24 11:00:00Z,99.43259
2025-04-25 11:00:00Z,96.06792
2025-04-26 11:00:00Z,94.51624
2025-04-27 11:00:00Z,93.80869
2025-04-28 11:00:00Z,74.53791
2025-04-29 11:00:00Z,74.43188
2025-04-30 11:00:00Z,92.2019
2025-05-01 11:00:00Z,98.20415
2025-05-02 11:00:00Z,99.52328
2025-05-03 11:00:00Z,101.2195
2025-05-04 11:00:00Z,100.9017
2025-05-05 11:00:00Z,100.8648
2025-05-06 11:00:00Z,100.1736
2025-05-07 11:00:00Z,100.5681
2025-05-08 11:00:00Z,100.1576
2025-05-09 11:00:00Z,100.9687
2025-05-10 11:00:00Z,102.1881
2025-05-11 11:00:00Z,102.1776
2025-05-12 11:00:00Z,102.8346
2025-05-13 11:00:00Z,102.0596
2025-05-14 11:00:00Z,101.7175
2025-05-15 11:00:00Z,102.1873
2025-05-16 11:00:00Z,102.285
2025-05-17 11:00:00Z,102.3103
2025-05-18 11:00:00Z,102.2044
2025-05-19 11:00:00Z,102.1306
2025-05-20 11:00:00Z,102.2643
2025-05-21 11:00:00Z,102.3112
2025-05-22 11:00:00Z,103.232
2025-05-23 11:00:00Z,102.308
2025-05-24 11:00:00Z,101.8674
2025-05-25 11:00:00Z,102.2376
2025-05-26 11:00:00Z,101.1047
2025-05-27 11:00:00Z,104.9644
2025-05-28 11:00:00Z,103.9335
2025-05-29 11:00:00Z,102.6202
2025-05-30 11:00:00Z,102.7845
2025-05-31 11:00:00Z,102.6129
2025-06-01 11:00:00Z,96.77873
2025-06-02 11:00:00Z,85.02431
2025-06-03 11:00:00Z,85.50251
2025-06-04 11:00:00Z,85.55743
2025-06-05 11:00:00Z,84.48499
2025-06-06 11:00:00Z,84.87065
2025-06-07 11:00:00Z,79.5811
2025-06-08 11:00:00Z,78.95425
2025-06-09 11:00:00Z,90.91626
2025-06-10 11:00:00Z,89.78705
2025-06-11 11:00:00Z,90.6902
2025-06-12 11:00:00Z,86.16404
2025-06-13 11:00:00Z,84.84135
2025-06-14 11:00:00Z,85.12061
2025-06-15 11:00:00Z,78.6804
2025-06-16 11:00:00Z,68.24181
2025-06-17 11:00:00Z,67.11553
2025-06-18 11:00:00Z,66.49413
2025-06-19 11:00:00Z,65.54375
2025-06-20 11:00:00Z,65.62227
2025-06-21 11:00:00Z,65.8056
2025-06-22 11:00:00Z,65.60342
2025-06-23 11:00:00Z,66.69591
2025-06-24 11:00:00Z,62.72562
2025-06-25 11:00:00Z,61.05474
2025-06-26 11:00:00Z,58.46075
2025-06-27 11:00:00Z,58.13678
2025-06-28 11:00:00Z,58.1991
2025-06-29 11:00:00Z,58.11113
2025-06-30 11:00:00Z,58.15594
2025-07-01 11:00:00Z,59.26335
2025-07-02 11:00:00Z,61.00571
2025-07-03 11:00:00Z,62.42251
2025-07-04 11:00:00Z,61.03951
2025-07-05 11:00:00Z,60.73543
2025-07-06 11:00:00Z,60.83107
2025-07-07 11:00:00Z,65.70379
2025-07-08 11:00:00Z,65.11068
2025-07-09 11:00:00Z,65.56873
2025-07-10 11:00:00Z,65.72674
2025-07-11 11:00:00Z,66.28235
2025-07-12 11:00:00Z,66.05231
2025-07-13 11:00:00Z,69.53141
2025-07-14 11:00:00Z,89.68984
2025-07-15 11:00:00Z,94.42538
2025-07-16 11:00:00Z,94.82248
2025-07-17 11:00:00Z,92.08227
2025-07-18 11:00:00Z,92.59473
2025-07-19 11:00:00Z,78.74907
2025-07-20 11:00:00Z,73.10361
2025-07-21 11:00:00Z,88.08691
2025-07-22 11:00:00Z,66.52338
2025-07-23 11:00:00Z,59.76871
2025-07-24 11:00:00Z,58.30221
2025-07-25 11:00:00Z,58.09454
2025-07-26 11:00:00Z,58.41763
2025-07-27 11:00:00Z,58.05552
2025-07-28 11:00:00Z,57.67274
2025-07-29 11:00:00Z,57.05104
2025-07-30 11:00:00Z,56.78062
2025-07-31 11:00:00Z,56.01315
2025-08-01 11:00:00Z,56.10392
2025-08-02 11:00:00Z,56.2692
2025-08-03 11:00:00Z,55.73036
2025-08-04 11:00:00Z,55.82974
2025-08-05 11:00:00Z,57.03442
2025-08-06 11:00:00Z,62.31182
2025-08-07 11:00:00Z,64.88924
2025-08-08 11:00:00Z,56.73344
2025-08-09 11:00:00Z,56.34711
2025-08-10 11:00:00Z,56.36552
2025-08-11 11:00:00Z,56.38047
2025-08-12 11:00:00Z,66.29266
2025-08-13 11:00:00Z,67.22913
2025-08-14 11:00:00Z,75.55726
2025-08-15 11:00:00Z,72.99471
2025-08-16 11:00:00Z,62.96016
2025-08-17 11:00:00Z,62.14308
2025-08-18 11:00:00Z,62.01777
2025-08-19 11:00:00Z,62.48754
2025-08-20 11:00:00Z,60.98166
2025-08-21 11:00:00Z,60.81203
2025-08-22 11:00:00Z,60.95162
2025-08-23 11:00:00Z,60.60211
2025-08-24 11:00:00Z,60.30172
2025-08-25 11:00:00Z,59.73265
2025-08-26 11:00:00Z,58.91585
2025-08-27 11:00:00Z,59.88177
2025-08-28 11:00:00Z,59.50476
2025-08-29 11:00:00Z,65.57298
2025-08-30 11:00:00Z,76.23186
2025-08-31 11:00:00Z,79.6694
2025-09-01 11:00:00Z,115.7372
2025-09-02 11:00:00Z,155.0986
2025-09-03 11:00:00Z,253.2114
2025-09-04 11:00:00Z,458.5843
2025-09-05 11:00:00Z,405.4785
2025-09-06 11:00:00Z,335.7782
2025-09-07 11:00:00Z,263.8513
2025-09-08 11:00:00Z,193.459
2025-09-09 11:00:00Z,168.4294
2025-09-10 11:00:00Z,188.1459
2025-09-11 11:00:00Z,264.0548
2025-09-12 11:00:00Z,285.7011
2025-09-13 11:00:00Z,365.4383
2025-09-14 11:00:00Z,462.1696
2025-09-15 11:00:00Z,432.5176
2025-09-16 11:00:00Z,387.9997
2025-09-17 11:00:00Z,305.9941
2025-09-18 11:00:00Z,227.5052
2025-09-19 11:00:00Z,184.802
2025-09-20 11:00:00Z,171.023
2025-09-21 11:00:00Z,169.3734
2025-09-22 11:00:00Z,167.1483
2025-09-23 11:00:00Z,165.0927
2025-09-24 11:00:00Z,164.2444
2025-09-25 11:00:00Z,161.4885
2025-09-26 11:00:00Z,165.044
2025-09-27 11:00:00Z,160.6546
2025-09-28 11:00:00Z,162.5136
2025-09-29 11:00:00Z,162.4922
2025-09-30 11:00:00Z,163.8967
2025-10-01 11:00:00Z,164.025
2025-10-02 11:00:00Z,163.384
2025-10-03 11:00:00Z,170.3908
2025-10-04 11:00:00Z,374.4538
2025-10-05 11:00:00Z,352.3832
2025-10-06 11:00:00Z,259.9872
2025-10-07 11:00:00Z,211.829
2025-10-08 11:00:00Z,184.993
2025-10-09 11:00:00Z,174.5955
2025-10-10 11:00:00Z,168.6927
2025-10-11 11:00:00Z,166.7814
2025-10-12 11:00:00Z,165.4544
2025-10-13 11:00:00Z,164.3798
2025-10-14 11:00:00Z,163.5442
2025-10-15 11:00:00Z,161.8658
2025-10-16 11:00:00Z,161.2581
2025-10-17 11:00:00Z,161.1303
2025-10-18 11:00:00Z,160.8348
2025-10-19 11:00:00Z,160.2712
2025-10-20 11:00:00Z,160.6372
2025-10-21 11:00:00Z,178.6132
2025-10-22 11:00:00Z,218.2029
2025-10-23 11:00:00Z,199.941
2025-10-24 11:00:00Z,247.3874
2025-10-25 11:00:00Z,238.404
2025-10-26 11:00:00Z,224.4192
2025-10-27 11:00:00Z,194.6759
2025-10-28 11:00:00Z,180.5328
2025-10-29 11:00:00Z,177.4733
2025-10-30 11:00:00Z,170.9927
2025-10-31 11:00:00Z,172.2997
2025-11-01 11:00:00Z,211.0768
2025-11-02 11:00:00Z,234.7489
2025-11-03 11:00:00Z,200.6394
2025-11-04 11:00:00Z,212.7811
2025-11-05 11:00:00Z,197.8539
2025-11-06 11:00:00Z,191.5246
2025-11-07 11:00:00Z,183.9107
2025-11-08 11:00:00Z,141.3435
2025-11-09 11:00:00Z,136.5994
2025-11-10 11:00:00Z,158.5647
2025-11-11 11:00:00Z,164.0703
2025-11-12 11:00:00Z,187.7105
2025-11-13 11:00:00Z,164.7128
2025-11-14 11:00:00Z,136.7043
2025-11-15 11:00:00Z,125.0882
2025-11-16 11:00:00Z,206.3199
2025-11-17 11:00:00Z,337.6748
2025-11-18 11:00:00Z,252.1095
2025-11-19 11:00:00Z,172.1183
2025-11-20 11:00:00Z,112.8903
2025-11-21 11:00:00Z,105.9318
2025-11-22 11:00:00Z,111.3097
2025-11-23 11:00:00Z,95.72039
2025-11-24 11:00:00Z,149.3855
2025-11-25 11:00:00Z,168.0949
2025-11-26 11:00:00Z,165.8916
2025-11-27 11:00:00Z,166.9172
2025-11-28 11:00:00Z,174.5637
2025-11-29 11:00:00Z,186.4655
2025-11-30 11:00:00Z,202.6646
2025-12-01 11:00:00Z,225.8048
2025-12-02 11:00:00Z,312.0367
2025-12-03 11:00:00Z,251.4707
2025-12-04 11:00:00Z,210.5355
2025-12-05 11:00:00Z,210.1143
2025-12-06 11:00:00Z,203.5523
2025-12-07 11:00:00Z,199.8811
2025-12-08 11:00:00Z,233.8945
2025-12-09 11:00:00Z,226.2191
2025-12-10 11:00:00Z,279.3791
2025-12-11 11:00:00Z,317.8165
2025-12-12 11:00:00Z,299.532
2025-12-13 11:00:00Z,299.8613
2025-12-14 11:00:00Z,302.5845
2025-12-15 11:00:00Z,318.5165
2025-12-16 11:00:00Z,272.9913
2025-12-17 11:00:00Z,298.0698
2025-12-18 11:00:00Z,305.8292
2025-12-19 11:00:00Z,369.3078
2025-12-20 11:00:00Z,224.6004
2025-12-21 11:00:00Z,195.5588
2025-12-22 11:00:00Z,185.4885
2025-12-23 11:00:00Z,179.6869
2025-12-24 11:00:00Z,134.4422
2025-12-25 11:00:00Z,125.0843
2025-12-26 11:00:00Z,124.184
2025-12-27 11:00:00Z,123.3901
2025-12-28 11:00:00Z,122.207
2025-12-29 11:00:00Z,121.8385
2025-12-30 11:00:00Z,120.0935
2026-01-01 11:00:00Z,119.8172
2026-01-02 11:00:00Z,119.5552
2026-01-03 11:00:00Z,119.1667
2026-01-04 11:00:00Z,119.5369
2026-01-05 11:00:00Z,146.5566
2026-01-06 11:00:00Z,157.3491
2026-01-07 11:00:00Z,158.0601
2026-01-08 11:00:00Z,159.5267
2026-01-09 11:00:00Z,158.9868
2026-01-10 11:00:00Z,158.2987
2026-01-11 11:00:00Z,158.2768
2026-01-12 11:00:00Z,156.0366
2026-01-13 11:00:00Z,147.237
2026-01-14 11:00:00Z,145.6304
2026-01-15 11:00:00Z,154.35
2026-01-16 11:00:00Z,167.2983
2026-01-17 11:00:00Z,170.9031
2026-01-18 11:00:00Z,168.5149
2026-01-19 11:00:00Z,168.5559
2026-01-20 11:00:00Z,165.3141
2026-01-21 11:00:00Z,163.4625
2026-01-22 11:00:00Z,160.8805
2026-01-23 11:00:00Z,138.2277
2026-01-24 11:00:00Z,157.043
2026-01-25 11:00:00Z,159.5399
2026-01-26 11:00:00Z,159.5399
2026-01-27 11:00:00Z,160.2973
2026-01-28 11:00:00Z,160.8081
2026-01-29 11:00:00Z,160.8081
2026-01-30 11:00:00Z,160.8081
2026-01-31 11:00:00Z,160.8081
2026-02-01 11:00:00Z,160.6228
2026-02-02 11:00:00Z,160.3849
2026-02-03 11:00:00Z,160.3849
2026-02-04 11:00:00Z,160.3849
2026-02-05 11:00:00Z,160.2307
2026-02-06 11:00:00Z,160.1734
2026-02-07 11:00:00Z,160.1734
2026-02-08 11:00:00Z,160.1734
2026-02-09 11:00:00Z,160.1734
2026-02-10 11:00:00Z,160.1734
2026-02-11 11:00:00Z,160.1734
2026-02-12 11:00:00Z,160.1734
2026-02-13 11:00:00Z,160.1734
2026-02-14 11:00:00Z,160.1734
2026-02-15 11:00:00Z,160.1734
2026-02-16 11:00:00Z,160.1074
2026-02-17 11:00:00Z,159.962
2026-02-18 11:00:00Z,159.962
2026-02-19 11:00:00Z,159.962
2026-02-20 11:00:00Z,159.962
2026-02-21 11:00:00Z,143.0354
2026-02-22 11:00:00Z,103.0408
2026-02-23 11:00:00Z,104.7046
2026-02-24 11:00:00Z,104.1482
2026-02-25 11:00:00Z,103.8256
2026-02-26 11:00:00Z,104.6301
2026-02-27 11:00:00Z,107.994
2026-02-28 11:00:00Z,110.9278
2026-03-01 11:00:00Z,109.9809
2026-03-02 11:00:00Z,109.4683
2026-03-03 11:00:00Z,111.6019
2026-03-04 11:00:00Z,117.1493
2026-03-05 11:00:00Z,116.4805
2026-03-06 11:00:00Z,113.7033
2026-03-07 11:00:00Z,117.3225
2026-03-08 11:00:00Z,129.0013
2026-03-09 11:00:00Z,165.8077
2026-03-10 11:00:00Z,184.0341
2026-03-11 11:00:00Z,194.0106
2026-03-12 11:00:00Z,210.0231
2026-03-13 11:00:00Z,386.832
2026-03-14 11:00:00Z,267.4095
2026-03-15 11:00:00Z,188.8953
2026-03-16 11:00:00Z,216.2523
2026-03-17 11:00:00Z,196.1168
2026-03-18 11:00:00Z,190.6627
2026-03-19 11:00:00Z,191.472
2026-03-20 11:00:00Z,176.1815
2026-03-21 11:00:00Z,185.6891
2026-03-22 11:00:00Z,167.0788
2026-03-23 11:00:00Z,146.8277
2026-03-24 11:00:00Z,144.5574
2026-03-25 11:00:00Z,152.4203
2026-03-26 11:00:00Z,148.9428
2026-03-27 11:00:00Z,147.0615
2026-03-28 11:00:00Z,147.3716
2026-03-29 11:00:00Z,115.1063
2026-03-30 11:00:00Z,93.89645
2026-03-31 11:00:00Z,105.0666
2026-04-01 11:00:00Z,102.3796
2026-04-02 11:00:00Z,102.2211
2026-04-03 11:00:00Z,104.3588
2026-04-04 11:00:00Z,102.1433
2026-04-05 11:00:00Z,121.5644
2026-04-06 11:00:00Z,119.6747
2026-04-07 11:00:00Z,99.82932
2026-04-08 11:00:00Z,100.2101
2026-04-09 11:00:00Z,123.8973
2026-04-10 11:00:00Z,125.1537
2026-04-11 11:00:00Z,128.3118
2026-04-12 11:00:00Z,144.7601
2026-04-13 11:00:00Z,179.3452
2026-04-14 11:00:00Z,200.8882
2026-04-15 11:00:00Z,237.9934
2026-04-16 11:00:00Z,223.351
2026-04-17 11:00:00Z,218.6183
2026-04-18 11:00:00Z,217.0461
2026-04-19 11:00:00Z,220.8288
2026-04-20 11:00:00Z,128.978
2026-04-21 11:00:00Z,106.2067
2026-04-22 11:00:00Z,118.574
2026-04-23 11:00:00Z,197.2382
2026-04-24 11:00:00Z,193.4848
2026-04-25 11:00:00Z,136.4273
2026-04-26 11:00:00Z,127.2026
2026-04-27 11:00:00Z,177.0419
2026-04-28 11:00:00Z,171.3145
2026-04-29 11:00:00Z,173.1396
2026-04-30 11:00:00Z,173.3134
2026-05-01 11:00:00Z,138.2952
2026-05-02 11:00:00Z,118.0886
2026-05-03 11:00:00Z,123.7347
2026-05-04 11:00:00Z,133.8954
2026-05-05 11:00:00Z,133.0149
2026-05-06 11:00:00Z,132.9148
2026-05-07 11:00:00Z,132.8712
2026-05-08 11:00:00Z,97.18816
2026-05-09 11:00:00Z,95.99494
2026-05-10 11:00:00Z,97.23579
2026-05-11 11:00:00Z,97.62518
2026-05-12 11:00:00Z,96.69172
2026-05-13 11:00:00Z,95.59869
2026-05-14 11:00:00Z,117.7271
2026-05-15 11:00:00Z,163.7661
2026-05-16 11:00:00Z,224.5394
2026-05-17 11:00:00Z,220.3147
2026-05-18 11:00:00Z,211.2083
2026-05-19 11:00:00Z,219.3834
2026-05-20 11:00:00Z,216.1245
2026-05-21 11:00:00Z,210.7146
2026-05-22 11:00:00Z,202.3916
2026-05-23 11:00:00Z,199.9957
2026-05-24 11:00:00Z,193.2991
2026-05-25 11:00:00Z,130.8079
2026-05-26 11:00:00Z,102.182
2026-05-27 11:00:00Z,101.2939
2026-05-28 11:00:00Z,111.174
2026-05-29 11:00:00Z,118.5478
2026-05-30 11:00:00Z,127.5893
2026-05-31 11:00:00Z,140.185
2026-06-01 11:00:00Z,158.526
2026-06-02 11:00:00Z,162.1798
2026-06-03 11:00:00Z,170.8964
2026-06-04 11:00:00Z,208.3521
2026-06-05 11:00:00Z,220.3761
2026-06-06 11:00:00Z,203.3666
2026-06-07 11:00:00Z,190.1091
2026-06-08 11:00:00Z,196.2889
2026-06-09 11:00:00Z,215.6424
2026-06-10 11:00:00Z,238.5551
2026-06-11 11:00:00Z,206.3573
2026-06-12 11:00:00Z,206.9725
2026-06-13 11:00:00Z,216.1154
2026-06-14 11:00:00Z,171.3425
2026-06-15 11:00:00Z,145.641
2026-06-16 11:00:00Z,171.9895
2026-06-17 11:00:00Z,143.3257
2026-06-18 11:00:00Z,124.892
2026-06-19 11:00:00Z,97.75855
2026-06-20 11:00:00Z,80.37713
2026-06-21 11:00:00Z,73.97453
2026-06-22 11:00:00Z,83.86758
2026-06-23 11:00:00Z,99.65279
2026-06-24 11:00:00Z,97.59853
2026-06-25 11:00:00Z,92.73701
2026-06-26 11:00:00Z,72.77504
2026-06-27 11:00:00Z,65.11447
2026-06-28 11:00:00Z,66.18382
2026-06-29 11:00:00Z,62.92908
2026-06-30 11:00:00Z,62.70859
2026-07-01 11:00:00Z,62.65844
2026-07-02 11:00:00Z,65.13977
2026-07-03 11:00:00Z,62.44263
2026-07-04 11:00:00Z,61.87565
2026-07-05 11:00:00Z,65.45511
2026-07-06 11:00:00Z,61.37527
2026-07-07 11:00:00Z,63.58911
2026-07-08 11:00:00Z,62.62482
2026-07-09 11:00:00Z,61.87731
2026-07-10 11:00:00Z,61.32914
2026-07-11 11:00:00Z,61.51272
2026-07-12 11:00:00Z,64.69121
2026-07-13 11:00:00Z,77.48704
2026-07-14 11:00:00Z,79.22374
2026-07-15 11:00:00Z,79.38269
2026-07-16 11:00:00Z,78.76865
2026-07-17 11:00:00Z,79.0507
2026-07-18 11:00:00Z,68.07693
2026-07-19 11:00:00Z,63.57272
2026-07-20 11:00:00Z,61.94949
2026-07-21 11:00:00Z,77.63256
2026-07-22 11:00:00Z,78.33859
2026-07-23 11:00:00Z,78.36028
2026-07-24 11:00:00Z,78.50008
2026-07-25 11:00:00Z,79.45184
2026-07-26 11:00:00Z,79.40067
2026-07-27 11:00:00Z,79.96504
2026-07-28 11:00:00Z,76.52305
2026-07-29 11:00:00Z,65.77514
2026-07-30 11:00:00Z,64.02343
2026-07-31 11:00:00Z,63.48099
2026-08-01 11:00:00Z,58.14953
2026-08-02 11:00:00Z,54.94033
2026-08-03 11:00:00Z,55.22992
2026-08-04 11:00:00Z,54.34608
2026-08-05 11:00:00Z,56.36411
2026-08-06 11:00:00Z,57.25207
2026-08-07 11:00:00Z,56.72229
2026-08-08 11:00:00Z,56.03639
2026-08-09 11:00:00Z,55.69155
2026-08-10 11:00:00Z,58.08667
2026-08-11 11:00:00Z,59.27649
2026-08-12 11:00:00Z,57.12566
2026-08-13 11:00:00Z,57.15662
2026-08-14 11:00:00Z,57.53849
2026-08-15 11:00:00Z,57.78542
2026-08-16 11:00:00Z,57.75426
2026-08-17 11:00:00Z,64.70612
