Dato,Vannføring
2016-01-01 11:00:00Z,152.3854
2016-01-02 11:00:00Z,158.4309
2016-01-03 11:00:00Z,151.8072
2016-01-04 11:00:00Z,123.527
2016-01-05 11:00:00Z,98.12662
2016-01-06 11:00:00Z,79.25495
2016-01-07 11:00:00Z,66.89864
2016-01-08 11:00:00Z,60.31002
2016-01-09 11:00:00Z,57.18588
2016-01-10 11:00:00Z,55.85292
2016-01-11 11:00:00Z,52.7357
2016-01-12 11:00:00Z,43.40899
2016-01-13 11:00:00Z,42.61268
2016-01-14 11:00:00Z,44.02119
2016-01-15 11:00:00Z,43.77606
2016-01-16 11:00:00Z,42.62222
2016-01-17 11:00:00Z,33.88717
2016-01-18 11:00:00Z,20.59056
2016-01-19 11:00:00Z,36.04457
2016-01-20 11:00:00Z,40.3598
2016-01-21 11:00:00Z,45.82052
2016-01-22 11:00:00Z,41.38247
2016-01-23 11:00:00Z,26.72538
2016-01-24 11:00:00Z,21.55633
2016-01-25 11:00:00Z,15.51093
2016-01-26 11:00:00Z,33.37001
2016-01-27 11:00:00Z,80.87245
2016-01-28 11:00:00Z,102.7561
2016-01-29 11:00:00Z,109.2414
2016-01-30 11:00:00Z,124.8377
2016-01-31 11:00:00Z,151.6276
2016-02-01 11:00:00Z,139.2013
2016-02-02 11:00:00Z,126.981
2016-02-03 11:00:00Z,130.2936
2016-02-04 11:00:00Z,116.7431
2016-02-05 11:00:00Z,98.17946
2016-02-06 11:00:00Z,88.78671
2016-02-07 11:00:00Z,144.5005
2016-02-08 11:00:00Z,238.3833
2016-02-09 11:00:00Z,321.8331
2016-02-10 11:00:00Z,259.2134
2016-02-11 11:00:00Z,185.5478
2016-02-12 11:00:00Z,136.2392
2016-02-13 11:00:00Z,100.9034
2016-02-14 11:00:00Z,78.96783
2016-02-15 11:00:00Z,64.4987
2016-02-16 11:00:00Z,56.0028
2016-02-17 11:00:00Z,52.19704
2016-02-18 11:00:00Z,51.50934
2016-02-19 11:00:00Z,50.48552
2016-02-20 11:00:00Z,48.03186
2016-02-21 11:00:00Z,39.77855
2016-02-22 11:00:00Z,37.36307
2016-02-23 11:00:00Z,43.8362
2016-02-24 11:00:00Z,43.64433
2016-02-25 11:00:00Z,43.91422
2016-02-26 11:00:00Z,44.07136
2016-02-27 11:00:00Z,38.13425
2016-02-28 11:00:00Z,27.03888
2016-02-29 11:00:00Z,24.63153
2016-03-01 11:00:00Z,35.50837
2016-03-02 11:00:00Z,35.88732
2016-03-03 11:00:00Z,36.8791
2016-03-04 11:00:00Z,39.18628
2016-03-05 11:00:00Z,35.43753
2016-03-06 11:00:00Z,25.03083
2016-03-07 11:00:00Z,17.55429
2016-03-08 11:00:00Z,36.14317
2016-03-09 11:00:00Z,40.72079
2016-03-10 11:00:00Z,36.63139
2016-03-11 11:00:00Z,35.15355
2016-03-12 11:00:00Z,33.22637
2016-03-13 11:00:00Z,24.01646
2016-03-14 11:00:00Z,22.39159
2016-03-15 11:00:00Z,34.29288
2016-03-16 11:00:00Z,53.09318
2016-03-17 11:00:00Z,64.33651
2016-03-18 11:00:00Z,62.51319
2016-03-19 11:00:00Z,74.30544
2016-03-20 11:00:00Z,75.29263
2016-03-21 11:00:00Z,72.44574
2016-03-22 11:00:00Z,69.30746
2016-03-23 11:00:00Z,66.75111
2016-03-24 11:00:00Z,64.259
2016-03-25 11:00:00Z,62.19413
2016-03-26 11:00:00Z,61.77505
2016-03-27 11:00:00Z,78.82296
2016-03-28 11:00:00Z,101.9239
2016-03-29 11:00:00Z,193.423
2016-03-30 11:00:00Z,296.7206
2016-03-31 11:00:00Z,228.8252
2016-04-01 11:00:00Z,162.1013
2016-04-02 11:00:00Z,121.1075
2016-04-03 11:00:00Z,92.85307
2016-04-04 11:00:00Z,81.22939
2016-04-05 11:00:00Z,83.33956
2016-04-06 11:00:00Z,91.83802
2016-04-07 11:00:00Z,99.8877
2016-04-08 11:00:00Z,97.81342
2016-04-09 11:00:00Z,89.56847
2016-04-10 11:00:00Z,80.31413
2016-04-11 11:00:00Z,73.96842
2016-04-12 11:00:00Z,69.14851
2016-04-13 11:00:00Z,65.68983
2016-04-14 11:00:00Z,61.83055
2016-04-15 11:00:00Z,59.36333
2016-04-16 11:00:00Z,59.82032
2016-04-17 11:00:00Z,61.95183
2016-04-18 11:00:00Z,69.4258
2016-04-19 11:00:00Z,70.31243
2016-04-20 11:00:00Z,65.83802
2016-04-21 11:00:00Z,64.42085
2016-04-22 11:00:00Z,59.28019
2016-04-23 11:00:00Z,58.50865
2016-04-24 11:00:00Z,54.88555
2016-04-25 11:00:00Z,56.3148
2016-04-26 11:00:00Z,57.78962
2016-04-27 11:00:00Z,57.03012
2016-04-28 11:00:00Z,54.21135
2016-04-29 11:00:00Z,54.10133
2016-04-30 11:00:00Z,47.34991
2016-05-01 11:00:00Z,40.15767
2016-05-02 11:00:00Z,44.39297
2016-05-03 11:00:00Z,71.31237
2016-05-04 11:00:00Z,77.49232
2016-05-05 11:00:00Z,79.50674
2016-05-06 11:00:00Z,75.48701
2016-05-07 11:00:00Z,61.31013
2016-05-08 11:00:00Z,48.91714
2016-05-09 11:00:00Z,52.10466
2016-05-10 11:00:00Z,64.16603
2016-05-11 11:00:00Z,67.63141
2016-05-12 11:00:00Z,60.11148
2016-05-13 11:00:00Z,59.80087
2016-05-14 11:00:00Z,57.40211
2016-05-15 11:00:00Z,42.45878
2016-05-16 11:00:00Z,37.57088
2016-05-17 11:00:00Z,35.46271
2016-05-18 11:00:00Z,40.9813
2016-05-19 11:00:00Z,40.30813
2016-05-20 11:00:00Z,38.51707
2016-05-21 11:00:00Z,36.3593
2016-05-22 11:00:00Z,33.03566
2016-05-23 11:00:00Z,44.73748
2016-05-24 11:00:00Z,70.00576
2016-05-25 11:00:00Z,73.37849
2016-05-26 11:00:00Z,61.74513
2016-05-27 11:00:00Z,54.84873
2016-05-28 11:00:00Z,50.52523
2016-05-29 11:00:00Z,35.49957
2016-05-30 11:00:00Z,30.54362
2016-05-31 11:00:00Z,67.83926
2016-06-01 11:00:00Z,75.97778
2016-06-02 11:00:00Z,74.26785
2016-06-03 11:00:00Z,67.14674
2016-06-04 11:00:00Z,60.07605
2016-06-05 11:00:00Z,55.143
2016-06-06 11:00:00Z,46.02145
2016-06-07 11:00:00Z,32.08624
2016-06-08 11:00:00Z,23.69035
2016-06-09 11:00:00Z,16.89419
2016-06-10 11:00:00Z,20.64918
2016-06-11 11:00:00Z,23.5947
2016-06-12 11:00:00Z,22.34409
2016-06-13 11:00:00Z,21.75648
2016-06-14 11:00:00Z,21.4381
2016-06-15 11:00:00Z,20.67436
2016-06-16 11:00:00Z,22.3385
2016-06-17 11:00:00Z,27.13398
2016-06-18 11:00:00Z,27.45198
2016-06-19 11:00:00Z,23.12778
2016-06-20 11:00:00Z,15.91939
2016-06-21 11:00:00Z,27.61189
2016-06-22 11:00:00Z,30.65822
2016-06-23 11:00:00Z,31.4502
2016-06-24 11:00:00Z,31.11874
2016-06-25 11:00:00Z,30.10447
2016-06-26 11:00:00Z,29.51231
2016-06-27 11:00:00Z,30.0761
2016-06-28 11:00:00Z,32.08013
2016-06-29 11:00:00Z,33.3539
2016-06-30 11:00:00Z,36.83252
2016-07-01 11:00:00Z,41.41558
2016-07-02 11:00:00Z,52.84527
2016-07-03 11:00:00Z,57.77575
2016-07-04 11:00:00Z,57.92972
2016-07-05 11:00:00Z,63.67339
2016-07-06 11:00:00Z,54.32858
2016-07-07 11:00:00Z,40.9938
2016-07-08 11:00:00Z,39.84885
2016-07-09 11:00:00Z,28.75852
2016-07-10 11:00:00Z,17.7436
2016-07-11 11:00:00Z,14.33611
2016-07-12 11:00:00Z,24.59887
2016-07-13 11:00:00Z,37.69458
2016-07-14 11:00:00Z,38.77521
2016-07-15 11:00:00Z,33.28051
2016-07-16 11:00:00Z,28.95495
2016-07-17 11:00:00Z,20.67155
2016-07-18 11:00:00Z,18.09289
2016-07-19 11:00:00Z,24.66112
2016-07-20 11:00:00Z,26.82147
2016-07-21 11:00:00Z,25.94779
2016-07-22 11:00:00Z,24.94189
2016-07-23 11:00:00Z,24.72838
2016-07-24 11:00:00Z,22.32853
2016-07-25 11:00:00Z,22.16192
2016-07-26 11:00:00Z,23.2984
2016-07-27 11:00:00Z,23.17399
2016-07-28 11:00:00Z,21.93086
2016-07-29 11:00:00Z,15.48586
2016-07-30 11:00:00Z,16.82329
2016-07-31 11:00:00Z,17.64067
2016-08-01 11:00:00Z,23.70167
2016-08-02 11:00:00Z,34.5653
2016-08-03 11:00:00Z,35.26242
2016-08-04 11:00:00Z,39.24035
2016-08-05 11:00:00Z,62.1777
2016-08-06 11:00:00Z,70.20916
2016-08-07 11:00:00Z,68.9025
2016-08-08 11:00:00Z,56.63647
2016-08-09 11:00:00Z,61.87534
2016-08-10 11:00:00Z,64.25763
2016-08-11 11:00:00Z,65.96221
2016-08-12 11:00:00Z,65.04787
2016-08-13 11:00:00Z,61.38321
2016-08-14 11:00:00Z,51.32878
2016-08-15 11:00:00Z,37.62523
2016-08-16 11:00:00Z,34.01513
2016-08-17 11:00:00Z,32.59699
2016-08-18 11:00:00Z,30.27096
2016-08-19 11:00:00Z,28.56135
2016-08-20 11:00:00Z,28.19927
2016-08-21 11:00:00Z,26.30693
2016-08-22 11:00:00Z,28.81072
2016-08-23 11:00:00Z,33.76449
2016-08-24 11:00:00Z,32.2173
2016-08-25 11:00:00Z,30.92406
2016-08-26 11:00:00Z,34.60053
2016-08-27 11:00:00Z,35.87165
2016-08-28 11:00:00Z,33.9264
2016-08-29 11:00:00Z,30.94775
2016-08-30 11:00:00Z,28.24374
2016-08-31 11:00:00Z,27.82312
2016-09-01 11:00:00Z,26.66441
2016-09-02 11:00:00Z,25.73623
2016-09-03 11:00:00Z,22.29306
2016-09-04 11:00:00Z,13.59613
2016-09-05 11:00:00Z,10.04717
2016-09-06 11:00:00Z,17.15294
2016-09-07 11:00:00Z,18.24768
2016-09-08 11:00:00Z,11.57671
2016-09-09 11:00:00Z,16.01215
2016-09-10 11:00:00Z,19.68351
2016-09-11 11:00:00Z,20.26693
2016-09-12 11:00:00Z,20.24886
2016-09-13 11:00:00Z,18.14102
2016-09-14 11:00:00Z,12.23364
2016-09-15 11:00:00Z,18.53545
2016-09-16 11:00:00Z,21.23273
2016-09-17 11:00:00Z,19.60533
2016-09-18 11:00:00Z,12.48236
2016-09-19 11:00:00Z,9.823728
2016-09-20 11:00:00Z,14.81105
2016-09-21 11:00:00Z,17.20914
2016-09-22 11:00:00Z,18.33447
2016-09-23 11:00:00Z,18.19342
2016-09-24 11:00:00Z,17.46663
2016-09-25 11:00:00Z,14.42567
2016-09-26 11:00:00Z,10.90803
2016-09-27 11:00:00Z,8.229146
2016-09-28 11:00:00Z,9.728883
2016-09-29 11:00:00Z,9.297901
2016-09-30 11:00:00Z,8.91759
2016-10-01 11:00:00Z,10.84748
2016-10-02 11:00:00Z,12.50051
2016-10-03 11:00:00Z,13.37951
2016-10-04 11:00:00Z,18.3208
2016-10-05 11:00:00Z,13.78097
2016-10-06 11:00:00Z,11.07716
2016-10-07 11:00:00Z,9.765885
2016-10-08 11:00:00Z,8.906617
2016-10-09 11:00:00Z,8.265037
2016-10-10 11:00:00Z,8.014331
2016-10-11 11:00:00Z,15.05254
2016-10-12 11:00:00Z,22.16948
2016-10-13 11:00:00Z,30.22333
2016-10-14 11:00:00Z,29.97253
2016-10-15 11:00:00Z,20.35587
2016-10-16 11:00:00Z,11.07444
2016-10-17 11:00:00Z,9.700564
2016-10-18 11:00:00Z,30.06441
2016-10-19 11:00:00Z,88.13307
2016-10-20 11:00:00Z,80.98856
2016-10-21 11:00:00Z,71.75258
2016-10-22 11:00:00Z,64.98287
2016-10-23 11:00:00Z,59.49147
2016-10-24 11:00:00Z,61.83454
2016-10-25 11:00:00Z,69.16822
2016-10-26 11:00:00Z,56.1731
2016-10-27 11:00:00Z,49.29797
2016-10-28 11:00:00Z,45.99669
2016-10-29 11:00:00Z,40.78861
2016-10-30 11:00:00Z,34.57058
2016-10-31 11:00:00Z,33.02646
2016-11-01 11:00:00Z,37.85418
2016-11-02 11:00:00Z,37.51563
2016-11-03 11:00:00Z,34.87737
2016-11-04 11:00:00Z,32.62029
2016-11-05 11:00:00Z,53.70739
2016-11-06 11:00:00Z,60.22511
2016-11-07 11:00:00Z,39.76481
2016-11-08 11:00:00Z,24.57744
2016-11-09 11:00:00Z,18.27261
2016-11-10 11:00:00Z,16.15165
2016-11-11 11:00:00Z,21.36818
2016-11-12 11:00:00Z,27.84118
2016-11-13 11:00:00Z,18.91816
2016-11-14 11:00:00Z,31.01702
2016-11-15 11:00:00Z,51.72728
2016-11-16 11:00:00Z,71.55196
2016-11-17 11:00:00Z,83.0067
2016-11-18 11:00:00Z,100.426
2016-11-19 11:00:00Z,103.5337
2016-11-20 11:00:00Z,98.0144
2016-11-21 11:00:00Z,118.768
2016-11-22 11:00:00Z,113.2814
2016-11-23 11:00:00Z,137.7677
2016-11-24 11:00:00Z,147.4395
2016-11-25 11:00:00Z,133.1217
2016-11-26 11:00:00Z,108.9889
2016-11-27 11:00:00Z,92.28206
2016-11-28 11:00:00Z,82.07589
2016-11-29 11:00:00Z,73.53535
2016-11-30 11:00:00Z,65.43371
2016-12-01 11:00:00Z,56.21441
2016-12-02 11:00:00Z,48.10215
2016-12-03 11:00:00Z,48.04958
2016-12-04 11:00:00Z,45.02945
2016-12-05 11:00:00Z,37.35067
2016-12-06 11:00:00Z,32.21885
2016-12-07 11:00:00Z,35.57222
2016-12-08 11:00:00Z,29.17719
2016-12-09 11:00:00Z,28.56831
2016-12-10 11:00:00Z,28.12263
2016-12-11 11:00:00Z,30.57956
2016-12-12 11:00:00Z,34.77565
2016-12-13 11:00:00Z,36.43857
2016-12-14 11:00:00Z,37.0495
2016-12-15 11:00:00Z,39.4826
2016-12-16 11:00:00Z,32.16309
2016-12-17 11:00:00Z,30.16838
2016-12-18 11:00:00Z,26.3395
2016-12-19 11:00:00Z,17.25599
2016-12-20 11:00:00Z,21.18028
2016-12-21 11:00:00Z,25.87701
2016-12-22 11:00:00Z,32.69476
2016-12-23 11:00:00Z,29.27192
2016-12-24 11:00:00Z,37.48837
2016-12-25 11:00:00Z,38.45293
2016-12-26 11:00:00Z,61.71369
2016-12-27 11:00:00Z,71.60596
2016-12-28 11:00:00Z,66.8373
2016-12-29 11:00:00Z,61.57281
2016-12-30 11:00:00Z,57.72718
2016-12-31 11:00:00Z,46.25336
2017-01-01 11:00:00Z,35.12918
2017-01-02 11:00:00Z,36.64368
2017-01-03 11:00:00Z,59.7354
2017-01-04 11:00:00Z,47.98772
2017-01-05 11:00:00Z,42.11335
2017-01-06 11:00:00Z,44.95942
2017-01-07 11:00:00Z,32.0102
2017-01-08 11:00:00Z,29.93236
2017-01-09 11:00:00Z,31.05154
2017-01-10 11:00:00Z,48.62333
2017-01-11 11:00:00Z,80.42367
2017-01-12 11:00:00Z,90.31886
2017-01-13 11:00:00Z,81.38687
2017-01-14 11:00:00Z,70.61065
2017-01-15 11:00:00Z,61.91095
2017-01-16 11:00:00Z,52.12924
2017-01-17 11:00:00Z,49.54181
2017-01-18 11:00:00Z,50.07831
2017-01-19 11:00:00Z,46.79379
2017-01-20 11:00:00Z,45.18272
2017-01-21 11:00:00Z,44.21048
2017-01-22 11:00:00Z,40.60781
2017-01-23 11:00:00Z,33.69835
2017-01-24 11:00:00Z,38.9101
2017-01-25 11:00:00Z,35.96229
2017-01-26 11:00:00Z,28.07348
2017-01-27 11:00:00Z,27.66093
2017-01-28 11:00:00Z,33.19582
2017-01-29 11:00:00Z,27.68176
2017-01-30 11:00:00Z,27.03679
2017-01-31 11:00:00Z,33.76507
2017-02-01 11:00:00Z,35.50082
2017-02-02 11:00:00Z,33.97576
2017-02-03 11:00:00Z,29.25146
2017-02-04 11:00:00Z,23.40764
2017-02-05 11:00:00Z,15.76212
2017-02-06 11:00:00Z,13.37674
2017-02-07 11:00:00Z,11.36683
2017-02-08 11:00:00Z,14.96383
2017-02-09 11:00:00Z,14.96383
2017-02-10 11:00:00Z,18.56167
2017-02-11 11:00:00Z,17.66259
2017-02-12 11:00:00Z,16.76355
2017-02-13 11:00:00Z,12.46309
2017-02-14 11:00:00Z,15.5692
2017-02-15 11:00:00Z,10.46639
2017-02-16 11:00:00Z,13.16432
2017-02-17 11:00:00Z,19.46258
2017-02-18 11:00:00Z,29.93843
2017-02-19 11:00:00Z,22.60334
2017-02-20 11:00:00Z,19.5398
2017-02-21 11:00:00Z,33.37806
2017-02-22 11:00:00Z,53.60372
2017-02-23 11:00:00Z,65.23625
2017-02-24 11:00:00Z,64.69183
2017-02-25 11:00:00Z,57.92003
2017-02-26 11:00:00Z,45.98189
2017-02-27 11:00:00Z,40.74166
2017-02-28 11:00:00Z,86.17988
2017-03-01 11:00:00Z,110.0211
2017-03-02 11:00:00Z,97.94418
2017-03-03 11:00:00Z,81.85948
2017-03-04 11:00:00Z,72.56651
2017-03-05 11:00:00Z,69.71394
2017-03-06 11:00:00Z,64.53051
2017-03-07 11:00:00Z,58.08185
2017-03-08 11:00:00Z,53.92744
2017-03-09 11:00:00Z,52.13924
2017-03-10 11:00:00Z,51.51249
2017-03-11 11:00:00Z,51.15437
2017-03-12 11:00:00Z,53.7016
2017-03-13 11:00:00Z,54.14687
2017-03-14 11:00:00Z,57.40172
2017-03-15 11:00:00Z,61.05999
2017-03-16 11:00:00Z,64.67163
2017-03-17 11:00:00Z,67.80786
2017-03-18 11:00:00Z,66.46976
2017-03-19 11:00:00Z,61.76678
2017-03-20 11:00:00Z,56.76983
2017-03-21 11:00:00Z,60.96824
2017-03-22 11:00:00Z,60.43471
2017-03-23 11:00:00Z,58.62744
2017-03-24 11:00:00Z,56.16335
2017-03-25 11:00:00Z,51.69243
2017-03-26 11:00:00Z,48.48772
2017-03-27 11:00:00Z,48.58543
2017-03-28 11:00:00Z,51.58131
2017-03-29 11:00:00Z,58.93779
2017-03-30 11:00:00Z,64.89848
2017-03-31 11:00:00Z,67.2229
2017-04-01 11:00:00Z,68.94195
2017-04-02 11:00:00Z,78.01655
2017-04-03 11:00:00Z,88.93454
2017-04-04 11:00:00Z,90.36748
2017-04-05 11:00:00Z,86.07771
2017-04-06 11:00:00Z,78.19894
2017-04-07 11:00:00Z,71.01115
2017-04-08 11:00:00Z,67.4638
2017-04-09 11:00:00Z,58.38124
2017-04-10 11:00:00Z,53.08142
2017-04-11 11:00:00Z,61.66507
2017-04-12 11:00:00Z,65.30645
2017-04-13 11:00:00Z,63.12087
2017-04-14 11:00:00Z,55.13527
2017-04-15 11:00:00Z,44.6007
2017-04-16 11:00:00Z,35.7939
2017-04-17 11:00:00Z,28.50399
2017-04-18 11:00:00Z,37.3942
2017-04-19 11:00:00Z,46.40527
2017-04-20 11:00:00Z,46.40042
2017-04-21 11:00:00Z,40.63974
2017-04-22 11:00:00Z,28.15588
2017-04-23 11:00:00Z,19.13192
2017-04-24 11:00:00Z,18.24139
2017-04-25 11:00:00Z,27.62193
2017-04-26 11:00:00Z,34.98186
2017-04-27 11:00:00Z,28.21312
2017-04-28 11:00:00Z,31.66775
2017-04-29 11:00:00Z,38.07152
2017-04-30 11:00:00Z,33.94902
2017-05-01 11:00:00Z,30.74092
2017-05-02 11:00:00Z,31.35316
2017-05-03 11:00:00Z,43.34408
2017-05-04 11:00:00Z,40.48374
2017-05-05 11:00:00Z,39.84304
2017-05-06 11:00:00Z,44.38134
2017-05-07 11:00:00Z,37.82154
2017-05-08 11:00:00Z,37.41076
2017-05-09 11:00:00Z,46.91778
2017-05-10 11:00:00Z,51.41405
2017-05-11 11:00:00Z,54.09332
2017-05-12 11:00:00Z,51.81345
2017-05-13 11:00:00Z,47.1176
2017-05-14 11:00:00Z,39.80117
2017-05-15 11:00:00Z,40.78199
2017-05-16 11:00:00Z,56.38546
2017-05-17 11:00:00Z,65.39176
2017-05-18 11:00:00Z,90.31682
2017-05-19 11:00:00Z,138.9448
2017-05-20 11:00:00Z,157.2993
2017-05-21 11:00:00Z,129.4036
2017-05-22 11:00:00Z,110.7713
2017-05-23 11:00:00Z,98.5494
2017-05-24 11:00:00Z,82.57111
2017-05-25 11:00:00Z,67.67759
2017-05-26 11:00:00Z,56.84926
2017-05-27 11:00:00Z,53.78486
2017-05-28 11:00:00Z,37.7473
2017-05-29 11:00:00Z,28.84073
2017-05-30 11:00:00Z,41.03086
2017-05-31 11:00:00Z,36.63095
2017-06-01 11:00:00Z,23.85188
2017-06-02 11:00:00Z,33.17994
2017-06-03 11:00:00Z,24.63121
2017-06-04 11:00:00Z,22.16573
2017-06-05 11:00:00Z,23.65446
2017-06-06 11:00:00Z,25.84847
2017-06-07 11:00:00Z,51.75488
2017-06-08 11:00:00Z,123.9744
2017-06-09 11:00:00Z,179.6862
2017-06-10 11:00:00Z,197.3469
2017-06-11 11:00:00Z,179.7066
2017-06-12 11:00:00Z,155.0346
2017-06-13 11:00:00Z,117.0425
2017-06-14 11:00:00Z,95.98357
2017-06-15 11:00:00Z,76.94058
2017-06-16 11:00:00Z,69.59821
2017-06-17 11:00:00Z,72.05662
2017-06-18 11:00:00Z,71.84746
2017-06-19 11:00:00Z,65.88702
2017-06-20 11:00:00Z,57.14301
2017-06-21 11:00:00Z,49.72327
2017-06-22 11:00:00Z,47.00159
2017-06-23 11:00:00Z,41.1618
2017-06-24 11:00:00Z,28.8208
2017-06-25 11:00:00Z,18.05362
2017-06-26 11:00:00Z,15.45947
2017-06-27 11:00:00Z,21.48934
2017-06-28 11:00:00Z,26.41708
2017-06-29 11:00:00Z,32.46424
2017-06-30 11:00:00Z,25.30115
2017-07-01 11:00:00Z,19.67686
2017-07-02 11:00:00Z,11.66841
2017-07-03 11:00:00Z,9.717829
2017-07-04 11:00:00Z,12.19122
2017-07-05 11:00:00Z,13.85752
2017-07-06 11:00:00Z,15.17119
2017-07-07 11:00:00Z,17.53209
2017-07-08 11:00:00Z,17.88066
2017-07-09 11:00:00Z,11.62649
2017-07-10 11:00:00Z,7.97796
2017-07-11 11:00:00Z,10.05226
2017-07-12 11:00:00Z,11.8765
2017-07-13 11:00:00Z,11.4003
2017-07-14 11:00:00Z,9.648555
2017-07-15 11:00:00Z,8.815223
2017-07-16 11:00:00Z,8.800992
2017-07-17 11:00:00Z,8.785634
2017-07-18 11:00:00Z,8.486705
2017-07-19 11:00:00Z,8.117869
2017-07-20 11:00:00Z,8.007046
2017-07-21 11:00:00Z,8.781479
2017-07-22 11:00:00Z,8.88855
2017-07-23 11:00:00Z,7.888353
2017-07-24 11:00:00Z,7.459183
2017-07-25 11:00:00Z,7.950099
2017-07-26 11:00:00Z,8.081508
2017-07-27 11:00:00Z,8.129016
2017-07-28 11:00:00Z,8.298881
2017-07-29 11:00:00Z,8.323721
2017-07-30 11:00:00Z,8.912816
2017-07-31 11:00:00Z,10.09134
2017-08-01 11:00:00Z,11.45362
2017-08-02 11:00:00Z,17.94947
2017-08-03 11:00:00Z,35.74592
2017-08-04 11:00:00Z,69.20108
2017-08-05 11:00:00Z,77.88189
2017-08-06 11:00:00Z,79.3613
2017-08-07 11:00:00Z,61.84422
2017-08-08 11:00:00Z,55.62186
2017-08-09 11:00:00Z,56.96791
2017-08-10 11:00:00Z,62.85867
2017-08-11 11:00:00Z,58.35807
2017-08-12 11:00:00Z,46.08337
2017-08-13 11:00:00Z,36.92252
2017-08-14 11:00:00Z,35.90802
2017-08-15 11:00:00Z,39.29707
2017-08-16 11:00:00Z,37.94978
2017-08-17 11:00:00Z,35.89125
2017-08-18 11:00:00Z,43.9664
2017-08-19 11:00:00Z,46.60564
2017-08-20 11:00:00Z,43.78842
2017-08-21 11:00:00Z,45.32562
2017-08-22 11:00:00Z,48.50961
2017-08-23 11:00:00Z,44.07972
2017-08-24 11:00:00Z,42.33919
2017-08-25 11:00:00Z,35.86219
2017-08-26 11:00:00Z,28.97779
2017-08-27 11:00:00Z,20.74076
2017-08-28 11:00:00Z,24.17534
2017-08-29 11:00:00Z,28.38252
2017-08-30 11:00:00Z,33.70425
2017-08-31 11:00:00Z,32.00581
2017-09-01 11:00:00Z,35.16499
2017-09-02 11:00:00Z,34.52907
2017-09-03 11:00:00Z,23.03507
2017-09-04 11:00:00Z,17.19424
2017-09-05 11:00:00Z,15.83684
2017-09-06 11:00:00Z,28.15977
2017-09-07 11:00:00Z,68.29884
2017-09-08 11:00:00Z,120.7615
2017-09-09 11:00:00Z,228.6667
2017-09-10 11:00:00Z,319.0845
2017-09-11 11:00:00Z,326.6822
2017-09-12 11:00:00Z,522.1655
2017-09-13 11:00:00Z,482.299
2017-09-14 11:00:00Z,314.6694
2017-09-15 11:00:00Z,210.4341
2017-09-16 11:00:00Z,159.7417
2017-09-17 11:00:00Z,123.2405
2017-09-18 11:00:00Z,97.83097
2017-09-19 11:00:00Z,78.06316
2017-09-20 11:00:00Z,69.36671
2017-09-21 11:00:00Z,65.86942
2017-09-22 11:00:00Z,65.49055
2017-09-23 11:00:00Z,66.29996
2017-09-24 11:00:00Z,66.25381
2017-09-25 11:00:00Z,65.33051
2017-09-26 11:00:00Z,65.73457
2017-09-27 11:00:00Z,71.84299
2017-09-28 11:00:00Z,91.49408
2017-09-29 11:00:00Z,120.7234
2017-09-30 11:00:00Z,263.1721
2017-10-01 11:00:00Z,886.3502
2017-10-02 11:00:00Z,1133.662
2017-10-03 11:00:00Z,901.5912
2017-10-04 11:00:00Z,561.1525
2017-10-05 11:00:00Z,328.1483
2017-10-06 11:00:00Z,181.4413
2017-10-07 11:00:00Z,151.0014
2017-10-08 11:00:00Z,114.5437
2017-10-09 11:00:00Z,88.28775
2017-10-10 11:00:00Z,73.00941
2017-10-11 11:00:00Z,66.38887
2017-10-12 11:00:00Z,64.70271
2017-10-13 11:00:00Z,64.10039
2017-10-14 11:00:00Z,65.17138
2017-10-15 11:00:00Z,63.66135
2017-10-16 11:00:00Z,60.80824
2017-10-17 11:00:00Z,58.40281
2017-10-18 11:00:00Z,56.24926
2017-10-19 11:00:00Z,54.67052
2017-10-20 11:00:00Z,60.10578
2017-10-21 11:00:00Z,92.46613
2017-10-22 11:00:00Z,291.255
2017-10-23 11:00:00Z,514.2283
2017-10-24 11:00:00Z,458.3952
2017-10-25 11:00:00Z,446.983
2017-10-26 11:00:00Z,370.9141
2017-10-27 11:00:00Z,244.0779
2017-10-28 11:00:00Z,162.7147
2017-10-29 11:00:00Z,128.3297
2017-10-30 11:00:00Z,99.45132
2017-10-31 11:00:00Z,79.93494
2017-11-01 11:00:00Z,68.58424
2017-11-02 11:00:00Z,62.46274
2017-11-03 11:00:00Z,58.59937
2017-11-04 11:00:00Z,55.77797
2017-11-05 11:00:00Z,57.70609
2017-11-06 11:00:00Z,57.67102
2017-11-07 11:00:00Z,57.61253
2017-11-08 11:00:00Z,56.7618
2017-11-09 11:00:00Z,52.34847
2017-11-10 11:00:00Z,47.58519
2017-11-11 11:00:00Z,43.23434
2017-11-12 11:00:00Z,33.3466
2017-11-13 11:00:00Z,26.5192
2017-11-14 11:00:00Z,39.43767
2017-11-15 11:00:00Z,38.15204
2017-11-16 11:00:00Z,39.98759
2017-11-17 11:00:00Z,42.09354
2017-11-18 11:00:00Z,45.38609
2017-11-19 11:00:00Z,43.0534
2017-11-20 11:00:00Z,38.24481
2017-11-21 11:00:00Z,50.17956
2017-11-22 11:00:00Z,54.91174
2017-11-23 11:00:00Z,133.1988
2017-11-24 11:00:00Z,218.8861
2017-11-25 11:00:00Z,244.1451
2017-11-26 11:00:00Z,190.1249
2017-11-27 11:00:00Z,142.9674
2017-11-28 11:00:00Z,110.3329
2017-11-29 11:00:00Z,89.2407
2017-11-30 11:00:00Z,75.47446
2017-12-01 11:00:00Z,65.83762
2017-12-02 11:00:00Z,59.74811
2017-12-03 11:00:00Z,52.44837
2017-12-04 11:00:00Z,47.94884
2017-12-05 11:00:00Z,51.49394
2017-12-06 11:00:00Z,54.43942
2017-12-07 11:00:00Z,67.86246
2017-12-08 11:00:00Z,89.00058
2017-12-09 11:00:00Z,102.7999
2017-12-10 11:00:00Z,107.6258
2017-12-11 11:00:00Z,86.74651
2017-12-12 11:00:00Z,69.3559
2017-12-13 11:00:00Z,60.43873
2017-12-14 11:00:00Z,59.81039
2017-12-15 11:00:00Z,57.78761
2017-12-16 11:00:00Z,54.02735
2017-12-17 11:00:00Z,50.63197
2017-12-18 11:00:00Z,49.76448
2017-12-19 11:00:00Z,49.36767
2017-12-20 11:00:00Z,49.17828
2017-12-21 11:00:00Z,49.60476
2017-12-22 11:00:00Z,48.75675
2017-12-23 11:00:00Z,46.51858
2017-12-24 11:00:00Z,37.58809
2017-12-25 11:00:00Z,36.69445
2017-12-26 11:00:00Z,66.80119
2017-12-27 11:00:00Z,99.44429
2017-12-28 11:00:00Z,104.2538
2017-12-29 11:00:00Z,90.68761
2017-12-30 11:00:00Z,76.14418
2017-12-31 11:00:00Z,62.7575
2018-01-01 11:00:00Z,57.37178
2018-01-02 11:00:00Z,55.14517
2018-01-03 11:00:00Z,58.30651
2018-01-04 11:00:00Z,67.36939
2018-01-05 11:00:00Z,59.85781
2018-01-06 11:00:00Z,53.49194
2018-01-07 11:00:00Z,43.75943
2018-01-08 11:00:00Z,37.16214
2018-01-09 11:00:00Z,38.77655
2018-01-10 11:00:00Z,38.00628
2018-01-11 11:00:00Z,42.67333
2018-01-12 11:00:00Z,46.89495
2018-01-13 11:00:00Z,41.12105
2018-01-14 11:00:00Z,27.80997
2018-01-15 11:00:00Z,17.91784
2018-01-16 11:00:00Z,25.1081
2018-01-17 11:00:00Z,26.07667
2018-01-18 11:00:00Z,31.85728
2018-01-19 11:00:00Z,35.56519
2018-01-20 11:00:00Z,41.56358
2018-01-21 11:00:00Z,41.23333
2018-01-22 11:00:00Z,42.13085
2018-01-23 11:00:00Z,46.61831
2018-01-24 11:00:00Z,62.93609
2018-01-25 11:00:00Z,93.32205
2018-01-26 11:00:00Z,93.54794
2018-01-27 11:00:00Z,88.59795
2018-01-28 11:00:00Z,85.99824
2018-01-29 11:00:00Z,83.43179
2018-01-30 11:00:00Z,76.39542
2018-01-31 11:00:00Z,76.57342
2018-02-01 11:00:00Z,80.48549
2018-02-02 11:00:00Z,74.00327
2018-02-03 11:00:00Z,64.42523
2018-02-04 11:00:00Z,55.31443
2018-02-05 11:00:00Z,50.84496
2018-02-06 11:00:00Z,47.11982
2018-02-07 11:00:00Z,44.14078
2018-02-08 11:00:00Z,41.90606
2018-02-09 11:00:00Z,41.15996
2018-02-10 11:00:00Z,45.37251
2018-02-11 11:00:00Z,38.25917
2018-02-12 11:00:00Z,26.11304
2018-02-13 11:00:00Z,41.74292
2018-02-14 11:00:00Z,39.63366
2018-02-15 11:00:00Z,35.14652
2018-02-16 11:00:00Z,27.85653
2018-02-17 11:00:00Z,24.22971
2018-02-18 11:00:00Z,20.64819
2018-02-19 11:00:00Z,21.0552
2018-02-20 11:00:00Z,26.78587
2018-02-21 11:00:00Z,27.99269
2018-02-22 11:00:00Z,28.16404
2018-02-23 11:00:00Z,27.84562
2018-02-24 11:00:00Z,24.36362
2018-02-25 11:00:00Z,21.94261
2018-02-26 11:00:00Z,20.67525
2018-02-27 11:00:00Z,19.93093
2018-02-28 11:00:00Z,19.18661
2018-03-01 11:00:00Z,17.6962
2018-03-02 11:00:00Z,17.32404
2018-03-03 11:00:00Z,16.95189
2018-03-04 11:00:00Z,17.32404
2018-03-05 11:00:00Z,16.24307
2018-03-06 11:00:00Z,15.34217
2018-03-07 11:00:00Z,15.17478
2018-03-08 11:00:00Z,15.17478
2018-03-09 11:00:00Z,15.67871
2018-03-10 11:00:00Z,15.84609
2018-03-11 11:00:00Z,14.71185
2018-03-12 11:00:00Z,11.35011
2018-03-13 11:00:00Z,22.71314
2018-03-14 11:00:00Z,21.07586
2018-03-15 11:00:00Z,26.7883
2018-03-16 11:00:00Z,21.51709
2018-03-17 11:00:00Z,16.19103
2018-03-18 11:00:00Z,9.887561
2018-03-19 11:00:00Z,8.79213
2018-03-20 11:00:00Z,21.36086
2018-03-21 11:00:00Z,28.66718
2018-03-22 11:00:00Z,34.73503
2018-03-23 11:00:00Z,37.68095
2018-03-24 11:00:00Z,34.50198
2018-03-25 11:00:00Z,24.1312
2018-03-26 11:00:00Z,25.09587
2018-03-27 11:00:00Z,27.65632
2018-03-28 11:00:00Z,34.86615
2018-03-29 11:00:00Z,30.87154
2018-03-30 11:00:00Z,31.87428
2018-03-31 11:00:00Z,27.51996
2018-04-01 11:00:00Z,26.97467
2018-04-02 11:00:00Z,28.72351
2018-04-03 11:00:00Z,35.56773
2018-04-04 11:00:00Z,35.96265
2018-04-05 11:00:00Z,38.69999
2018-04-06 11:00:00Z,45.09897
2018-04-07 11:00:00Z,49.81824
2018-04-08 11:00:00Z,53.64441
2018-04-09 11:00:00Z,59.80399
2018-04-10 11:00:00Z,78.56886
2018-04-11 11:00:00Z,89.09692
2018-04-12 11:00:00Z,92.72238
2018-04-13 11:00:00Z,93.56893
2018-04-14 11:00:00Z,106.6764
2018-04-15 11:00:00Z,134.7375
2018-04-16 11:00:00Z,195.9841
2018-04-17 11:00:00Z,234.3131
2018-04-18 11:00:00Z,232.825
2018-04-19 11:00:00Z,259.1028
2018-04-20 11:00:00Z,287.3563
2018-04-21 11:00:00Z,308.2009
2018-04-22 11:00:00Z,277.8144
2018-04-23 11:00:00Z,239.0333
2018-04-24 11:00:00Z,224.7829
2018-04-25 11:00:00Z,211.3621
2018-04-26 11:00:00Z,186.0845
2018-04-27 11:00:00Z,157.0641
2018-04-28 11:00:00Z,132.0933
2018-04-29 11:00:00Z,113.5959
2018-04-30 11:00:00Z,97.19151
2018-05-01 11:00:00Z,120.9671
2018-05-02 11:00:00Z,136.1333
2018-05-03 11:00:00Z,134.0987
2018-05-04 11:00:00Z,128.8997
2018-05-05 11:00:00Z,121.9302
2018-05-06 11:00:00Z,104.5614
2018-05-07 11:00:00Z,93.59328
2018-05-08 11:00:00Z,92.13133
2018-05-09 11:00:00Z,89.45011
2018-05-10 11:00:00Z,81.62168
2018-05-11 11:00:00Z,81.37751
2018-05-12 11:00:00Z,88.62508
2018-05-13 11:00:00Z,81.72069
2018-05-14 11:00:00Z,74.59523
2018-05-15 11:00:00Z,76.38863
2018-05-16 11:00:00Z,64.67444
2018-05-17 11:00:00Z,52.57366
2018-05-18 11:00:00Z,42.9471
2018-05-19 11:00:00Z,45.62349
2018-05-20 11:00:00Z,31.74915
2018-05-21 11:00:00Z,21.4658
2018-05-22 11:00:00Z,24.24453
2018-05-23 11:00:00Z,24.5094
2018-05-24 11:00:00Z,18.36435
2018-05-25 11:00:00Z,16.47536
2018-05-26 11:00:00Z,14.44506
2018-05-27 11:00:00Z,13.08949
2018-05-28 11:00:00Z,12.31094
2018-05-29 11:00:00Z,12.19065
2018-05-30 11:00:00Z,12.3869
2018-05-31 11:00:00Z,12.58359
2018-06-01 11:00:00Z,11.94269
2018-06-02 11:00:00Z,10.72244
2018-06-03 11:00:00Z,8.793208
2018-06-04 11:00:00Z,8.102863
2018-06-05 11:00:00Z,8.874744
2018-06-06 11:00:00Z,7.779791
2018-06-07 11:00:00Z,7.620172
2018-06-08 11:00:00Z,7.868207
2018-06-09 11:00:00Z,8.345489
2018-06-10 11:00:00Z,8.044468
2018-06-11 11:00:00Z,7.952687
2018-06-12 11:00:00Z,8.163442
2018-06-13 11:00:00Z,7.897122
2018-06-14 11:00:00Z,7.871585
2018-06-15 11:00:00Z,7.894352
2018-06-16 11:00:00Z,7.836689
2018-06-17 11:00:00Z,8.269424
2018-06-18 11:00:00Z,8.584852
2018-06-19 11:00:00Z,8.662519
2018-06-20 11:00:00Z,8.564295
2018-06-21 11:00:00Z,8.540131
2018-06-22 11:00:00Z,7.84734
2018-06-23 11:00:00Z,7.220833
2018-06-24 11:00:00Z,7.396674
2018-06-25 11:00:00Z,8.031125
2018-06-26 11:00:00Z,8.558597
2018-06-27 11:00:00Z,8.182099
2018-06-28 11:00:00Z,7.740407
2018-06-29 11:00:00Z,7.556127
2018-06-30 11:00:00Z,6.95299
2018-07-01 11:00:00Z,6.735111
2018-07-02 11:00:00Z,7.051445
2018-07-03 11:00:00Z,7.019209
2018-07-04 11:00:00Z,7.146315
2018-07-05 11:00:00Z,7.227707
2018-07-06 11:00:00Z,7.020799
2018-07-07 11:00:00Z,6.498683
2018-07-08 11:00:00Z,5.920291
2018-07-09 11:00:00Z,5.548745
2018-07-10 11:00:00Z,5.377439
2018-07-11 11:00:00Z,4.88207
2018-07-12 11:00:00Z,4.594682
2018-07-13 11:00:00Z,4.464462
2018-07-14 11:00:00Z,4.3286
2018-07-15 11:00:00Z,4.24149
2018-07-16 11:00:00Z,4.175246
2018-07-17 11:00:00Z,4.252248
2018-07-18 11:00:00Z,4.440773
2018-07-19 11:00:00Z,4.533168
2018-07-20 11:00:00Z,4.539487
2018-07-21 11:00:00Z,4.336682
2018-07-22 11:00:00Z,4.218488
2018-07-23 11:00:00Z,4.059375
2018-07-24 11:00:00Z,4.345083
2018-07-25 11:00:00Z,4.41956
2018-07-26 11:00:00Z,4.133219
2018-07-27 11:00:00Z,3.825457
2018-07-28 11:00:00Z,3.520443
2018-07-29 11:00:00Z,3.207435
2018-07-30 11:00:00Z,2.998406
2018-07-31 11:00:00Z,3.290916
2018-08-01 11:00:00Z,3.908425
2018-08-02 11:00:00Z,3.833945
2018-08-03 11:00:00Z,3.713919
2018-08-04 11:00:00Z,3.543547
2018-08-05 11:00:00Z,3.421021
2018-08-06 11:00:00Z,3.396056
2018-08-07 11:00:00Z,3.45172
2018-08-08 11:00:00Z,3.580014
2018-08-09 11:00:00Z,3.632725
2018-08-10 11:00:00Z,3.964434
2018-08-11 11:00:00Z,3.993855
2018-08-12 11:00:00Z,3.858743
2018-08-13 11:00:00Z,2.89046
2018-08-14 11:00:00Z,2.484753
2018-08-15 11:00:00Z,3.216321
2018-08-16 11:00:00Z,3.943373
2018-08-17 11:00:00Z,4.815534
2018-08-18 11:00:00Z,5.638745
2018-08-19 11:00:00Z,5.13006
2018-08-20 11:00:00Z,4.395848
2018-08-21 11:00:00Z,4.450305
2018-08-22 11:00:00Z,5.326416
2018-08-23 11:00:00Z,6.925431
2018-08-24 11:00:00Z,8.082615
2018-08-25 11:00:00Z,8.381625
2018-08-26 11:00:00Z,7.810272
2018-08-27 11:00:00Z,8.423752
2018-08-28 11:00:00Z,10.89744
2018-08-29 11:00:00Z,11.3259
2018-08-30 11:00:00Z,11.68759
2018-08-31 11:00:00Z,10.30641
2018-09-01 11:00:00Z,8.895658
2018-09-02 11:00:00Z,7.326426
2018-09-03 11:00:00Z,7.109514
2018-09-04 11:00:00Z,9.001915
2018-09-05 11:00:00Z,16.02656
2018-09-06 11:00:00Z,27.93804
2018-09-07 11:00:00Z,38.64391
2018-09-08 11:00:00Z,129.0682
2018-09-09 11:00:00Z,185.2891
2018-09-10 11:00:00Z,210.9513
2018-09-11 11:00:00Z,197.9353
2018-09-12 11:00:00Z,178.1199
2018-09-13 11:00:00Z,135.4689
2018-09-14 11:00:00Z,114.3461
2018-09-15 11:00:00Z,92.51189
2018-09-16 11:00:00Z,83.05739
2018-09-17 11:00:00Z,81.96748
2018-09-18 11:00:00Z,76.43813
2018-09-19 11:00:00Z,74.75275
2018-09-20 11:00:00Z,73.16917
2018-09-21 11:00:00Z,93.78693
2018-09-22 11:00:00Z,153.8134
2018-09-23 11:00:00Z,182.9022
2018-09-24 11:00:00Z,157.3013
2018-09-25 11:00:00Z,128.9123
2018-09-26 11:00:00Z,101.9749
2018-09-27 11:00:00Z,76.4607
2018-09-28 11:00:00Z,62.44443
2018-09-29 11:00:00Z,53.27311
2018-09-30 11:00:00Z,35.65968
2018-10-01 11:00:00Z,37.16109
2018-10-02 11:00:00Z,43.39724
2018-10-03 11:00:00Z,35.24093
2018-10-04 11:00:00Z,33.54943
2018-10-05 11:00:00Z,30.3467
2018-10-06 11:00:00Z,21.53011
2018-10-07 11:00:00Z,14.24091
2018-10-08 11:00:00Z,12.7318
2018-10-09 11:00:00Z,22.01486
2018-10-10 11:00:00Z,28.85487
2018-10-11 11:00:00Z,30.37115
2018-10-12 11:00:00Z,26.02081
2018-10-13 11:00:00Z,19.18068
2018-10-14 11:00:00Z,12.15648
2018-10-15 11:00:00Z,9.510598
2018-10-16 11:00:00Z,9.043463
2018-10-17 11:00:00Z,10.14539
2018-10-18 11:00:00Z,15.98799
2018-10-19 11:00:00Z,21.06131
2018-10-20 11:00:00Z,25.60956
2018-10-21 11:00:00Z,14.75053
2018-10-22 11:00:00Z,11.2583
2018-10-23 11:00:00Z,14.71772
2018-10-24 11:00:00Z,14.14343
2018-10-25 11:00:00Z,16.13312
2018-10-26 11:00:00Z,22.42886
2018-10-27 11:00:00Z,29.97331
2018-10-28 11:00:00Z,23.26355
2018-10-29 11:00:00Z,17.3062
2018-10-30 11:00:00Z,28.04375
2018-10-31 11:00:00Z,34.06469
2018-11-01 11:00:00Z,38.90994
2018-11-02 11:00:00Z,44.33009
2018-11-03 11:00:00Z,47.15656
2018-11-04 11:00:00Z,38.56558
2018-11-05 11:00:00Z,34.08614
2018-11-06 11:00:00Z,47.42894
2018-11-07 11:00:00Z,58.73994
2018-11-08 11:00:00Z,59.56827
2018-11-09 11:00:00Z,61.24421
2018-11-10 11:00:00Z,74.6125
2018-11-11 11:00:00Z,153.4416
2018-11-12 11:00:00Z,238.4774
2018-11-13 11:00:00Z,326.6214
2018-11-14 11:00:00Z,293.1928
2018-11-15 11:00:00Z,220.6531
2018-11-16 11:00:00Z,177.0222
2018-11-17 11:00:00Z,139.0702
2018-11-18 11:00:00Z,103.1675
2018-11-19 11:00:00Z,81.35293
2018-11-20 11:00:00Z,67.76688
2018-11-21 11:00:00Z,55.92961
2018-11-22 11:00:00Z,49.9551
2018-11-23 11:00:00Z,50.57523
2018-11-24 11:00:00Z,46.12676
2018-11-25 11:00:00Z,36.77069
2018-11-26 11:00:00Z,28.94742
2018-11-27 11:00:00Z,41.99736
2018-11-28 11:00:00Z,45.63737
2018-11-29 11:00:00Z,57.93886
2018-11-30 11:00:00Z,114.554
2018-12-01 11:00:00Z,115.921
2018-12-02 11:00:00Z,130.2489
2018-12-03 11:00:00Z,163.9118
2018-12-04 11:00:00Z,165.4814
2018-12-05 11:00:00Z,154.3439
2018-12-06 11:00:00Z,122.1011
2018-12-07 11:00:00Z,93.22356
2018-12-08 11:00:00Z,88.52116
2018-12-09 11:00:00Z,81.59289
2018-12-10 11:00:00Z,69.69274
2018-12-11 11:00:00Z,61.57331
2018-12-12 11:00:00Z,56.924
2018-12-13 11:00:00Z,53.65804
2018-12-14 11:00:00Z,50.77109
2018-12-15 11:00:00Z,49.77456
2018-12-16 11:00:00Z,41.75793
2018-12-17 11:00:00Z,40.40506
2018-12-18 11:00:00Z,44.70487
2018-12-19 11:00:00Z,42.87147
2018-12-20 11:00:00Z,59.56953
2018-12-21 11:00:00Z,116.1911
2018-12-22 11:00:00Z,93.19579
2018-12-23 11:00:00Z,76.14327
2018-12-24 11:00:00Z,64.32008
2018-12-25 11:00:00Z,51.15062
2018-12-26 11:00:00Z,43.7519
2018-12-27 11:00:00Z,47.30739
2018-12-28 11:00:00Z,59.00058
2018-12-29 11:00:00Z,59.21703
2018-12-30 11:00:00Z,56.58102
2018-12-31 11:00:00Z,53.5951
2019-01-01 11:00:00Z,54.3385
2019-01-02 11:00:00Z,56.62371
2019-01-03 11:00:00Z,57.81259
2019-01-04 11:00:00Z,54.87663
2019-01-05 11:00:00Z,47.80045
2019-01-06 11:00:00Z,39.81607
2019-01-07 11:00:00Z,47.401
2019-01-08 11:00:00Z,49.89457
2019-01-09 11:00:00Z,44.26421
2019-01-10 11:00:00Z,41.13906
2019-01-11 11:00:00Z,42.09653
2019-01-12 11:00:00Z,30.08458
2019-01-13 11:00:00Z,18.04662
2019-01-14 11:00:00Z,13.88748
2019-01-15 11:00:00Z,21.20943
2019-01-16 11:00:00Z,29.9017
2019-01-17 11:00:00Z,28.00833
2019-01-18 11:00:00Z,28.02946
2019-01-19 11:00:00Z,30.00312
2019-01-20 11:00:00Z,20.91941
2019-01-21 11:00:00Z,23.26423
2019-01-22 11:00:00Z,35.84222
2019-01-23 11:00:00Z,36.94851
2019-01-24 11:00:00Z,37.21232
2019-01-25 11:00:00Z,37.49245
2019-01-26 11:00:00Z,30.06824
2019-01-27 11:00:00Z,14.49433
2019-01-28 11:00:00Z,14.58239
2019-01-29 11:00:00Z,25.66789
2019-01-30 11:00:00Z,31.60498
2019-01-31 11:00:00Z,32.50525
2019-02-01 11:00:00Z,31.40986
2019-02-02 11:00:00Z,20.7905
2019-02-03 11:00:00Z,16.43316
2019-02-04 11:00:00Z,21.60347
2019-02-05 11:00:00Z,41.78772
2019-02-06 11:00:00Z,47.19323
2019-02-07 11:00:00Z,47.83338
2019-02-08 11:00:00Z,45.92972
2019-02-09 11:00:00Z,60.61382
2019-02-10 11:00:00Z,77.15832
2019-02-11 11:00:00Z,80.09299
2019-02-12 11:00:00Z,75.77651
2019-02-13 11:00:00Z,70.69565
2019-02-14 11:00:00Z,70.01568
2019-02-15 11:00:00Z,75.71275
2019-02-16 11:00:00Z,77.30969
2019-02-17 11:00:00Z,80.48012
2019-02-18 11:00:00Z,80.27531
2019-02-19 11:00:00Z,85.89478
2019-02-20 11:00:00Z,87.79594
2019-02-21 11:00:00Z,90.85487
2019-02-22 11:00:00Z,84.70644
2019-02-23 11:00:00Z,75.61637
2019-02-24 11:00:00Z,71.68742
2019-02-25 11:00:00Z,73.88734
2019-02-26 11:00:00Z,79.97178
2019-02-27 11:00:00Z,95.0945
2019-02-28 11:00:00Z,103.3416
2019-03-01 11:00:00Z,92.95409
2019-03-02 11:00:00Z,85.2095
2019-03-03 11:00:00Z,74.48706
2019-03-04 11:00:00Z,76.26342
2019-03-05 11:00:00Z,87.95676
2019-03-06 11:00:00Z,90.83124
2019-03-07 11:00:00Z,106.4765
2019-03-08 11:00:00Z,133.3755
2019-03-09 11:00:00Z,128.4932
2019-03-10 11:00:00Z,106.7312
2019-03-11 11:00:00Z,83.1082
2019-03-12 11:00:00Z,70.61189
2019-03-13 11:00:00Z,85.6158
2019-03-14 11:00:00Z,82.18736
2019-03-15 11:00:00Z,72.92986
2019-03-16 11:00:00Z,66.98298
2019-03-17 11:00:00Z,72.90005
2019-03-18 11:00:00Z,77.47081
2019-03-19 11:00:00Z,70.50767
2019-03-20 11:00:00Z,64.87593
2019-03-21 11:00:00Z,67.48471
2019-03-22 11:00:00Z,81.26119
2019-03-23 11:00:00Z,98.41515
2019-03-24 11:00:00Z,116.9204
2019-03-25 11:00:00Z,109.8486
2019-03-26 11:00:00Z,96.34102
2019-03-27 11:00:00Z,83.42176
2019-03-28 11:00:00Z,77.52581
2019-03-29 11:00:00Z,87.50163
2019-03-30 11:00:00Z,111.3238
2019-03-31 11:00:00Z,123.3456
2019-04-01 11:00:00Z,115.8805
2019-04-02 11:00:00Z,92.59126
2019-04-03 11:00:00Z,77.16003
2019-04-04 11:00:00Z,70.30457
2019-04-05 11:00:00Z,67.20013
2019-04-06 11:00:00Z,66.68565
2019-04-07 11:00:00Z,68.28625
2019-04-08 11:00:00Z,69.62894
2019-04-09 11:00:00Z,69.2327
2019-04-10 11:00:00Z,66.57475
2019-04-11 11:00:00Z,62.83331
2019-04-12 11:00:00Z,59.45874
2019-04-13 11:00:00Z,56.42181
2019-04-14 11:00:00Z,54.16191
2019-04-15 11:00:00Z,52.51638
2019-04-16 11:00:00Z,47.56441
2019-04-17 11:00:00Z,35.48246
2019-04-18 11:00:00Z,30.39474
2019-04-19 11:00:00Z,29.3013
2019-04-20 11:00:00Z,30.94176
2019-04-21 11:00:00Z,34.00875
2019-04-22 11:00:00Z,32.19537
2019-04-23 11:00:00Z,29.6688
2019-04-24 11:00:00Z,57.58936
2019-04-25 11:00:00Z,68.03816
2019-04-26 11:00:00Z,63.36308
2019-04-27 11:00:00Z,57.34491
2019-04-28 11:00:00Z,62.05876
2019-04-29 11:00:00Z,125.7504
2019-04-30 11:00:00Z,141.5439
2019-05-01 11:00:00Z,121.5063
2019-05-02 11:00:00Z,106.2188
2019-05-03 11:00:00Z,92.25586
2019-05-04 11:00:00Z,78.99445
2019-05-05 11:00:00Z,74.31287
2019-05-06 11:00:00Z,59.42603
2019-05-07 11:00:00Z,43.28111
2019-05-08 11:00:00Z,37.40939
2019-05-09 11:00:00Z,39.57338
2019-05-10 11:00:00Z,56.50773
2019-05-11 11:00:00Z,77.81169
2019-05-12 11:00:00Z,76.35014
2019-05-13 11:00:00Z,60.41353
2019-05-14 11:00:00Z,58.08779
2019-05-15 11:00:00Z,51.90385
2019-05-16 11:00:00Z,47.56265
2019-05-17 11:00:00Z,42.94248
2019-05-18 11:00:00Z,36.31498
2019-05-19 11:00:00Z,21.32828
2019-05-20 11:00:00Z,19.4261
2019-05-21 11:00:00Z,33.66337
2019-05-22 11:00:00Z,45.91646
2019-05-23 11:00:00Z,52.36963
2019-05-24 11:00:00Z,64.31107
2019-05-25 11:00:00Z,71.00724
2019-05-26 11:00:00Z,55.78846
2019-05-27 11:00:00Z,50.92894
2019-05-28 11:00:00Z,55.72135
2019-05-29 11:00:00Z,48.49745
2019-05-30 11:00:00Z,42.30969
2019-05-31 11:00:00Z,33.00307
2019-06-01 11:00:00Z,32.997
2019-06-02 11:00:00Z,36.0812
2019-06-03 11:00:00Z,29.00002
2019-06-04 11:00:00Z,38.9557
2019-06-05 11:00:00Z,47.96321
2019-06-06 11:00:00Z,43.54896
2019-06-07 11:00:00Z,41.2917
2019-06-08 11:00:00Z,36.00898
2019-06-09 11:00:00Z,35.47527
2019-06-10 11:00:00Z,42.26139
2019-06-11 11:00:00Z,68.74809
2019-06-12 11:00:00Z,91.94171
2019-06-13 11:00:00Z,111.4414
2019-06-14 11:00:00Z,142.858
2019-06-15 11:00:00Z,113.5394
2019-06-16 11:00:00Z,108.8387
2019-06-17 11:00:00Z,90.02802
2019-06-18 11:00:00Z,73.6094
2019-06-19 11:00:00Z,65.44083
2019-06-20 11:00:00Z,67.56125
2019-06-21 11:00:00Z,65.85374
2019-06-22 11:00:00Z,56.30155
2019-06-23 11:00:00Z,38.78665
2019-06-24 11:00:00Z,32.58225
2019-06-25 11:00:00Z,42.9551
2019-06-26 11:00:00Z,45.28804
2019-06-27 11:00:00Z,38.77988
2019-06-28 11:00:00Z,37.23634
2019-06-29 11:00:00Z,26.63166
2019-06-30 11:00:00Z,18.04365
2019-07-01 11:00:00Z,13.69952
2019-07-02 11:00:00Z,13.77029
2019-07-03 11:00:00Z,17.33408
2019-07-04 11:00:00Z,23.73764
2019-07-05 11:00:00Z,18.52719
2019-07-06 11:00:00Z,16.37133
2019-07-07 11:00:00Z,13.37598
2019-07-08 11:00:00Z,10.69707
2019-07-09 11:00:00Z,10.81954
2019-07-10 11:00:00Z,15.27937
2019-07-11 11:00:00Z,17.77424
2019-07-12 11:00:00Z,17.90522
2019-07-13 11:00:00Z,13.62101
2019-07-14 11:00:00Z,10.61925
2019-07-15 11:00:00Z,8.562771
2019-07-16 11:00:00Z,8.029011
2019-07-17 11:00:00Z,8.319186
2019-07-18 11:00:00Z,10.79292
2019-07-19 11:00:00Z,10.54016
2019-07-20 11:00:00Z,9.443577
2019-07-21 11:00:00Z,16.34332
2019-07-22 11:00:00Z,32.97713
2019-07-23 11:00:00Z,50.04002
2019-07-24 11:00:00Z,63.50557
2019-07-25 11:00:00Z,60.91158
2019-07-26 11:00:00Z,50.43505
2019-07-27 11:00:00Z,44.28022
2019-07-28 11:00:00Z,41.07412
2019-07-29 11:00:00Z,40.52862
2019-07-30 11:00:00Z,22.28225
2019-07-31 11:00:00Z,15.69058
2019-08-01 11:00:00Z,15.46147
2019-08-02 11:00:00Z,23.66514
2019-08-03 11:00:00Z,27.95629
2019-08-04 11:00:00Z,17.29646
2019-08-05 11:00:00Z,13.6998
2019-08-06 11:00:00Z,17.63643
2019-08-07 11:00:00Z,28.86699
2019-08-08 11:00:00Z,37.16957
2019-08-09 11:00:00Z,36.47693
2019-08-10 11:00:00Z,42.55845
2019-08-11 11:00:00Z,60.36126
2019-08-12 11:00:00Z,79.67241
2019-08-13 11:00:00Z,100.2711
2019-08-14 11:00:00Z,97.74448
2019-08-15 11:00:00Z,82.6294
2019-08-16 11:00:00Z,73.93793
2019-08-17 11:00:00Z,97.78601
2019-08-18 11:00:00Z,117.5114
2019-08-19 11:00:00Z,153.7278
2019-08-20 11:00:00Z,156.5769
2019-08-21 11:00:00Z,139.2953
2019-08-22 11:00:00Z,120.4639
2019-08-23 11:00:00Z,148.3387
2019-08-24 11:00:00Z,142.6122
2019-08-25 11:00:00Z,117.5535
2019-08-26 11:00:00Z,89.42476
2019-08-27 11:00:00Z,71.67797
2019-08-28 11:00:00Z,63.16449
2019-08-29 11:00:00Z,57.23431
2019-08-30 11:00:00Z,55.09172
2019-08-31 11:00:00Z,44.43222
2019-09-01 11:00:00Z,33.17253
2019-09-02 11:00:00Z,31.30777
2019-09-03 11:00:00Z,43.26488
2019-09-04 11:00:00Z,48.232
2019-09-05 11:00:00Z,45.48223
2019-09-06 11:00:00Z,44.2221
2019-09-07 11:00:00Z,51.27826
2019-09-08 11:00:00Z,51.12967
2019-09-09 11:00:00Z,47.27043
2019-09-10 11:00:00Z,59.49498
2019-09-11 11:00:00Z,73.06843
2019-09-12 11:00:00Z,84.3849
2019-09-13 11:00:00Z,83.53445
2019-09-14 11:00:00Z,74.84061
2019-09-15 11:00:00Z,69.53065
2019-09-16 11:00:00Z,60.88054
2019-09-17 11:00:00Z,58.70815
2019-09-18 11:00:00Z,49.12758
2019-09-19 11:00:00Z,38.57753
2019-09-20 11:00:00Z,50.09269
2019-09-21 11:00:00Z,51.6652
2019-09-22 11:00:00Z,50.98249
2019-09-23 11:00:00Z,46.66373
2019-09-24 11:00:00Z,47.25482
2019-09-25 11:00:00Z,48.41052
2019-09-26 11:00:00Z,47.53249
2019-09-27 11:00:00Z,70.60511
2019-09-28 11:00:00Z,103.3819
2019-09-29 11:00:00Z,139.1133
2019-09-30 11:00:00Z,129.6273
2019-10-01 11:00:00Z,116.2268
2019-10-02 11:00:00Z,104.6986
2019-10-03 11:00:00Z,80.70475
2019-10-04 11:00:00Z,77.40421
2019-10-05 11:00:00Z,83.44531
2019-10-06 11:00:00Z,79.82141
2019-10-07 11:00:00Z,69.92262
2019-10-08 11:00:00Z,65.46653
2019-10-09 11:00:00Z,66.45243
2019-10-10 11:00:00Z,76.07736
2019-10-11 11:00:00Z,89.46452
2019-10-12 11:00:00Z,95.41396
2019-10-13 11:00:00Z,91.29345
2019-10-14 11:00:00Z,109.2486
2019-10-15 11:00:00Z,145.8873
2019-10-16 11:00:00Z,198.073
2019-10-17 11:00:00Z,192.0809
2019-10-18 11:00:00Z,176.0425
2019-10-19 11:00:00Z,187.8331
2019-10-20 11:00:00Z,211.3782
2019-10-21 11:00:00Z,211.6641
2019-10-22 11:00:00Z,177.9389
2019-10-23 11:00:00Z,136.9072
2019-10-24 11:00:00Z,106.0741
2019-10-25 11:00:00Z,96.2389
2019-10-26 11:00:00Z,103.0133
2019-10-27 11:00:00Z,112.8956
2019-10-28 11:00:00Z,106.3827
2019-10-29 11:00:00Z,91.90919
2019-10-30 11:00:00Z,77.80535
2019-10-31 11:00:00Z,67.50877
2019-11-01 11:00:00Z,62.322
2019-11-02 11:00:00Z,58.92308
2019-11-03 11:00:00Z,57.1583
2019-11-04 11:00:00Z,50.12049
2019-11-05 11:00:00Z,43.54435
2019-11-06 11:00:00Z,39.04073
2019-11-07 11:00:00Z,41.72617
2019-11-08 11:00:00Z,38.72845
2019-11-09 11:00:00Z,37.49032
2019-11-10 11:00:00Z,26.80676
2019-11-11 11:00:00Z,21.72159
2019-11-12 11:00:00Z,45.70178
2019-11-13 11:00:00Z,83.05024
2019-11-14 11:00:00Z,100.6211
2019-11-15 11:00:00Z,107.6228
2019-11-16 11:00:00Z,96.86765
2019-11-17 11:00:00Z,90.5736
2019-11-18 11:00:00Z,90.76252
2019-11-19 11:00:00Z,134.532
2019-11-20 11:00:00Z,172.2485
2019-11-21 11:00:00Z,154.9982
2019-11-22 11:00:00Z,200.297
2019-11-23 11:00:00Z,314.296
2019-11-24 11:00:00Z,327.5297
2019-11-25 11:00:00Z,261.5313
2019-11-26 11:00:00Z,207.7088
2019-11-27 11:00:00Z,192.4853
2019-11-28 11:00:00Z,177.3257
2019-11-29 11:00:00Z,152.7386
2019-11-30 11:00:00Z,117.2319
2019-12-01 11:00:00Z,89.1271
2019-12-02 11:00:00Z,70.80828
2019-12-03 11:00:00Z,63.1205
2019-12-04 11:00:00Z,59.22689
2019-12-05 11:00:00Z,57.13078
2019-12-06 11:00:00Z,58.89096
2019-12-07 11:00:00Z,63.93549
2019-12-08 11:00:00Z,78.8275
2019-12-09 11:00:00Z,89.35016
2019-12-10 11:00:00Z,97.20599
2019-12-11 11:00:00Z,165.945
2019-12-12 11:00:00Z,192.1902
2019-12-13 11:00:00Z,178.7959
2019-12-14 11:00:00Z,157.5682
2019-12-15 11:00:00Z,147.9267
2019-12-16 11:00:00Z,124.9101
2019-12-17 11:00:00Z,101.8905
2019-12-18 11:00:00Z,85.91454
2019-12-19 11:00:00Z,78.45245
2019-12-20 11:00:00Z,89.71346
2019-12-21 11:00:00Z,153.2912
2019-12-22 11:00:00Z,206.4536
2019-12-23 11:00:00Z,212.6039
2019-12-24 11:00:00Z,223.6366
2019-12-25 11:00:00Z,187.8181
2019-12-26 11:00:00Z,142.3705
2019-12-27 11:00:00Z,107.2195
2019-12-28 11:00:00Z,83.10145
2019-12-29 11:00:00Z,68.24519
2019-12-30 11:00:00Z,63.07308
2019-12-31 11:00:00Z,70.19719
2020-01-01 11:00:00Z,84.84576
2020-01-02 11:00:00Z,82.36348
2020-01-03 11:00:00Z,73.17147
2020-01-04 11:00:00Z,68.36351
2020-01-05 11:00:00Z,67.63194
2020-01-06 11:00:00Z,63.64513
2020-01-07 11:00:00Z,59.25216
2020-01-08 11:00:00Z,61.35341
2020-01-09 11:00:00Z,64.15714
2020-01-10 11:00:00Z,72.1496
2020-01-11 11:00:00Z,75.01069
2020-01-12 11:00:00Z,105.8742
2020-01-13 11:00:00Z,119.1644
2020-01-14 11:00:00Z,138.5685
2020-01-15 11:00:00Z,185.4367
2020-01-16 11:00:00Z,181.9128
2020-01-17 11:00:00Z,173.9123
2020-01-18 11:00:00Z,205.9319
2020-01-19 11:00:00Z,219.2949
2020-01-20 11:00:00Z,175.6143
2020-01-21 11:00:00Z,139.5133
2020-01-22 11:00:00Z,107.5531
2020-01-23 11:00:00Z,88.98518
2020-01-24 11:00:00Z,76.76653
2020-01-25 11:00:00Z,68.44455
2020-01-26 11:00:00Z,62.68685
2020-01-27 11:00:00Z,66.785
2020-01-28 11:00:00Z,78.35357
2020-01-29 11:00:00Z,100.7074
2020-01-30 11:00:00Z,99.80521
2020-01-31 11:00:00Z,92.01702
2020-02-01 11:00:00Z,82.91055
2020-02-02 11:00:00Z,92.47416
2020-02-03 11:00:00Z,91.48499
2020-02-04 11:00:00Z,81.92597
2020-02-05 11:00:00Z,69.40538
2020-02-06 11:00:00Z,62.83023
2020-02-07 11:00:00Z,60.58104
2020-02-08 11:00:00Z,60.00214
2020-02-09 11:00:00Z,94.05054
2020-02-10 11:00:00Z,222.3982
2020-02-11 11:00:00Z,236.2682
2020-02-12 11:00:00Z,185.4747
2020-02-13 11:00:00Z,136.4907
2020-02-14 11:00:00Z,102.18
2020-02-15 11:00:00Z,84.84306
2020-02-16 11:00:00Z,181.1452
2020-02-17 11:00:00Z,267.9415
2020-02-18 11:00:00Z,281.5551
2020-02-19 11:00:00Z,216.3485
2020-02-20 11:00:00Z,167.7703
2020-02-21 11:00:00Z,149.861
2020-02-22 11:00:00Z,143.5653
2020-02-23 11:00:00Z,156.0105
2020-02-24 11:00:00Z,156.4955
2020-02-25 11:00:00Z,135.8221
2020-02-26 11:00:00Z,110.7667
2020-02-27 11:00:00Z,88.19232
2020-02-28 11:00:00Z,72.10381
2020-02-29 11:00:00Z,68.52879
2020-03-01 11:00:00Z,75.0723
2020-03-02 11:00:00Z,92.19549
2020-03-03 11:00:00Z,99.69836
2020-03-04 11:00:00Z,113.8637
2020-03-05 11:00:00Z,99.99611
2020-03-06 11:00:00Z,84.73
2020-03-07 11:00:00Z,71.84598
2020-03-08 11:00:00Z,90.45517
2020-03-09 11:00:00Z,141.8076
2020-03-10 11:00:00Z,166.679
2020-03-11 11:00:00Z,188.6716
2020-03-12 11:00:00Z,176.9957
2020-03-13 11:00:00Z,152.0536
2020-03-14 11:00:00Z,120.695
2020-03-15 11:00:00Z,124.0352
2020-03-16 11:00:00Z,183.6374
2020-03-17 11:00:00Z,185.7393
2020-03-18 11:00:00Z,174.7928
2020-03-19 11:00:00Z,156.9879
2020-03-20 11:00:00Z,131.7418
2020-03-21 11:00:00Z,108.0439
2020-03-22 11:00:00Z,86.51737
2020-03-23 11:00:00Z,71.46883
2020-03-24 11:00:00Z,62.10549
2020-03-25 11:00:00Z,57.81805
2020-03-26 11:00:00Z,55.23502
2020-03-27 11:00:00Z,53.66103
2020-03-28 11:00:00Z,53.07491
2020-03-29 11:00:00Z,53.04934
2020-03-30 11:00:00Z,53.14819
2020-03-31 11:00:00Z,52.47312
2020-04-01 11:00:00Z,48.05583
2020-04-02 11:00:00Z,48.65264
2020-04-03 11:00:00Z,50.63624
2020-04-04 11:00:00Z,49.82131
2020-04-05 11:00:00Z,47.64021
2020-04-06 11:00:00Z,31.11571
2020-04-07 11:00:00Z,17.73335
2020-04-08 11:00:00Z,13.77977
2020-04-09 11:00:00Z,19.41633
2020-04-10 11:00:00Z,43.95031
2020-04-11 11:00:00Z,53.48574
2020-04-12 11:00:00Z,45.58901
2020-04-13 11:00:00Z,25.34011
2020-04-14 11:00:00Z,23.16398
2020-04-15 11:00:00Z,28.77853
2020-04-16 11:00:00Z,21.68015
2020-04-17 11:00:00Z,19.71876
2020-04-18 11:00:00Z,26.71115
2020-04-19 11:00:00Z,34.2014
2020-04-20 11:00:00Z,33.38565
2020-04-21 11:00:00Z,33.75184
2020-04-22 11:00:00Z,37.7398
2020-04-23 11:00:00Z,45.31017
2020-04-24 11:00:00Z,52.18023
2020-04-25 11:00:00Z,48.5416
2020-04-26 11:00:00Z,49.51529
2020-04-27 11:00:00Z,52.25048
2020-04-28 11:00:00Z,55.0433
2020-04-29 11:00:00Z,48.92672
2020-04-30 11:00:00Z,44.53165
2020-05-01 11:00:00Z,43.69264
2020-05-02 11:00:00Z,47.12891
2020-05-03 11:00:00Z,35.78383
2020-05-04 11:00:00Z,38.79641
2020-05-05 11:00:00Z,54.15742
2020-05-06 11:00:00Z,48.03345
2020-05-07 11:00:00Z,38.54657
2020-05-08 11:00:00Z,38.06332
2020-05-09 11:00:00Z,35.70856
2020-05-10 11:00:00Z,33.32186
2020-05-11 11:00:00Z,27.49126
2020-05-12 11:00:00Z,32.07932
2020-05-13 11:00:00Z,42.10816
2020-05-14 11:00:00Z,45.85452
2020-05-15 11:00:00Z,36.96059
2020-05-16 11:00:00Z,23.67205
2020-05-17 11:00:00Z,19.70274
2020-05-18 11:00:00Z,19.73104
2020-05-19 11:00:00Z,29.8338
2020-05-20 11:00:00Z,32.62213
2020-05-21 11:00:00Z,28.29779
2020-05-22 11:00:00Z,20.32083
2020-05-23 11:00:00Z,24.79345
2020-05-24 11:00:00Z,33.19797
2020-05-25 11:00:00Z,62.10903
2020-05-26 11:00:00Z,64.39783
2020-05-27 11:00:00Z,56.85345
2020-05-28 11:00:00Z,61.14539
2020-05-29 11:00:00Z,67.05539
2020-05-30 11:00:00Z,62.925
2020-05-31 11:00:00Z,51.8227
2020-06-01 11:00:00Z,43.71725
2020-06-02 11:00:00Z,37.97257
2020-06-03 11:00:00Z,34.57576
2020-06-04 11:00:00Z,33.68293
2020-06-05 11:00:00Z,47.20673
2020-06-06 11:00:00Z,76.39944
2020-06-07 11:00:00Z,77.28638
2020-06-08 11:00:00Z,85.73228
2020-06-09 11:00:00Z,85.53227
2020-06-10 11:00:00Z,70.5097
2020-06-11 11:00:00Z,56.26263
2020-06-12 11:00:00Z,48.10128
2020-06-13 11:00:00Z,37.76684
2020-06-14 11:00:00Z,32.90065
2020-06-15 11:00:00Z,29.19522
2020-06-16 11:00:00Z,31.25447
2020-06-17 11:00:00Z,32.15785
2020-06-18 11:00:00Z,34.51297
2020-06-19 11:00:00Z,20.92142
2020-06-20 11:00:00Z,21.66955
2020-06-21 11:00:00Z,27.00556
2020-06-22 11:00:00Z,29.16157
2020-06-23 11:00:00Z,32.11093
2020-06-24 11:00:00Z,35.28016
2020-06-25 11:00:00Z,35.2841
2020-06-26 11:00:00Z,33.46051
2020-06-27 11:00:00Z,29.96633
2020-06-28 11:00:00Z,28.50911
2020-06-29 11:00:00Z,28.47034
2020-06-30 11:00:00Z,32.10247
2020-07-01 11:00:00Z,31.46774
2020-07-02 11:00:00Z,30.40356
2020-07-03 11:00:00Z,39.3957
2020-07-04 11:00:00Z,37.74636
2020-07-05 11:00:00Z,35.9867
2020-07-06 11:00:00Z,39.58907
2020-07-07 11:00:00Z,43.84411
2020-07-08 11:00:00Z,44.63022
2020-07-09 11:00:00Z,38.88608
2020-07-10 11:00:00Z,34.04432
2020-07-11 11:00:00Z,31.8533
2020-07-12 11:00:00Z,28.83017
2020-07-13 11:00:00Z,25.50609
2020-07-14 11:00:00Z,23.49266
2020-07-15 11:00:00Z,22.17556
2020-07-16 11:00:00Z,20.77383
2020-07-17 11:00:00Z,21.53068
2020-07-18 11:00:00Z,23.20647
2020-07-19 11:00:00Z,24.52034
2020-07-20 11:00:00Z,23.97855
2020-07-21 11:00:00Z,24.10976
2020-07-22 11:00:00Z,28.4924
2020-07-23 11:00:00Z,29.42663
2020-07-24 11:00:00Z,32.07032
2020-07-25 11:00:00Z,31.03286
2020-07-26 11:00:00Z,48.96974
2020-07-27 11:00:00Z,81.61359
2020-07-28 11:00:00Z,124.4849
2020-07-29 11:00:00Z,218.4559
2020-07-30 11:00:00Z,239.8087
2020-07-31 11:00:00Z,185.8113
2020-08-01 11:00:00Z,137.9185
2020-08-02 11:00:00Z,104.6505
2020-08-03 11:00:00Z,84.76807
2020-08-04 11:00:00Z,66.41062
2020-08-05 11:00:00Z,54.87879
2020-08-06 11:00:00Z,51.43483
2020-08-07 11:00:00Z,48.01884
2020-08-08 11:00:00Z,44.60331
2020-08-09 11:00:00Z,39.89756
2020-08-10 11:00:00Z,34.66678
2020-08-11 11:00:00Z,29.3484
2020-08-12 11:00:00Z,35.86386
2020-08-13 11:00:00Z,31.78592
2020-08-14 11:00:00Z,27.4473
2020-08-15 11:00:00Z,25.97241
2020-08-16 11:00:00Z,24.97421
2020-08-17 11:00:00Z,21.0831
2020-08-18 11:00:00Z,11.88642
2020-08-19 11:00:00Z,7.975352
2020-08-20 11:00:00Z,7.38646
2020-08-21 11:00:00Z,17.3363
2020-08-22 11:00:00Z,21.21602
2020-08-23 11:00:00Z,20.57378
2020-08-24 11:00:00Z,24.31793
2020-08-25 11:00:00Z,27.26773
2020-08-26 11:00:00Z,29.42151
2020-08-27 11:00:00Z,30.10757
2020-08-28 11:00:00Z,22.75656
2020-08-29 11:00:00Z,20.91319
2020-08-30 11:00:00Z,13.60951
2020-08-31 11:00:00Z,14.23155
2020-09-01 11:00:00Z,15.87172
2020-09-02 11:00:00Z,17.0093
2020-09-03 11:00:00Z,16.02798
2020-09-04 11:00:00Z,17.82656
2020-09-05 11:00:00Z,17.51864
2020-09-06 11:00:00Z,19.1979
2020-09-07 11:00:00Z,19.56486
2020-09-08 11:00:00Z,19.48507
2020-09-09 11:00:00Z,20.20613
2020-09-10 11:00:00Z,20.39419
2020-09-11 11:00:00Z,19.26017
2020-09-12 11:00:00Z,17.64432
2020-09-13 11:00:00Z,14.06529
2020-09-14 11:00:00Z,12.60066
2020-09-15 11:00:00Z,16.59629
2020-09-16 11:00:00Z,14.69264
2020-09-17 11:00:00Z,18.26822
2020-09-18 11:00:00Z,24.26098
2020-09-19 11:00:00Z,34.65121
2020-09-20 11:00:00Z,27.78421
2020-09-21 11:00:00Z,24.60921
2020-09-22 11:00:00Z,29.47633
2020-09-23 11:00:00Z,31.46361
2020-09-24 11:00:00Z,42.80153
2020-09-25 11:00:00Z,71.35222
2020-09-26 11:00:00Z,91.78523
2020-09-27 11:00:00Z,87.50769
2020-09-28 11:00:00Z,78.61117
2020-09-29 11:00:00Z,79.76073
2020-09-30 11:00:00Z,71.72632
2020-10-01 11:00:00Z,66.81819
2020-10-02 11:00:00Z,91.67253
2020-10-03 11:00:00Z,104.8046
2020-10-04 11:00:00Z,159.9851
2020-10-05 11:00:00Z,316.0972
2020-10-06 11:00:00Z,316.203
2020-10-07 11:00:00Z,232.4881
2020-10-08 11:00:00Z,180.8195
2020-10-09 11:00:00Z,140.6705
2020-10-10 11:00:00Z,121.2211
2020-10-11 11:00:00Z,104.5199
2020-10-12 11:00:00Z,86.64614
2020-10-13 11:00:00Z,76.5642
2020-10-14 11:00:00Z,69.64922
2020-10-15 11:00:00Z,64.13354
2020-10-16 11:00:00Z,60.68696
2020-10-17 11:00:00Z,57.25151
2020-10-18 11:00:00Z,54.61778
2020-10-19 11:00:00Z,52.44187
2020-10-20 11:00:00Z,52.95654
2020-10-21 11:00:00Z,60.55042
2020-10-22 11:00:00Z,72.59859
2020-10-23 11:00:00Z,83.62629
2020-10-24 11:00:00Z,89.74818
2020-10-25 11:00:00Z,128.7475
2020-10-26 11:00:00Z,192.1497
2020-10-27 11:00:00Z,233.0879
2020-10-28 11:00:00Z,280.999
2020-10-29 11:00:00Z,284.0295
2020-10-30 11:00:00Z,236.278
2020-10-31 11:00:00Z,190.1406
2020-11-01 11:00:00Z,176.2851
2020-11-02 11:00:00Z,216.5149
2020-11-03 11:00:00Z,230.4903
2020-11-04 11:00:00Z,197.0258
2020-11-05 11:00:00Z,148.185
2020-11-06 11:00:00Z,115.5412
2020-11-07 11:00:00Z,92.93113
2020-11-08 11:00:00Z,77.26185
2020-11-09 11:00:00Z,65.8461
2020-11-10 11:00:00Z,57.65877
2020-11-11 11:00:00Z,58.07769
2020-11-12 11:00:00Z,57.34898
2020-11-13 11:00:00Z,63.58245
2020-11-14 11:00:00Z,93.53282
2020-11-15 11:00:00Z,158.237
2020-11-16 11:00:00Z,325.3186
2020-11-17 11:00:00Z,422.0759
2020-11-18 11:00:00Z,318.8629
2020-11-19 11:00:00Z,228.4149
2020-11-20 11:00:00Z,177.6199
2020-11-21 11:00:00Z,141.0906
2020-11-22 11:00:00Z,126.4052
2020-11-23 11:00:00Z,118.7655
2020-11-24 11:00:00Z,111.2186
2020-11-25 11:00:00Z,96.91648
2020-11-26 11:00:00Z,82.12597
2020-11-27 11:00:00Z,75.98672
2020-11-28 11:00:00Z,74.04851
2020-11-29 11:00:00Z,69.01556
2020-11-30 11:00:00Z,65.16846
2020-12-01 11:00:00Z,64.31668
2020-12-02 11:00:00Z,62.64698
2020-12-03 11:00:00Z,74.57972
2020-12-04 11:00:00Z,113.7111
2020-12-05 11:00:00Z,109.0111
2020-12-06 11:00:00Z,118.1647
2020-12-07 11:00:00Z,151.9891
2020-12-08 11:00:00Z,304.696
2020-12-09 11:00:00Z,376.476
2020-12-10 11:00:00Z,338.4646
2020-12-11 11:00:00Z,307.6945
2020-12-12 11:00:00Z,247.0221
2020-12-13 11:00:00Z,194.275
2020-12-14 11:00:00Z,194.6267
2020-12-15 11:00:00Z,302.2444
2020-12-16 11:00:00Z,308.123
2020-12-17 11:00:00Z,252.7302
2020-12-18 11:00:00Z,243.1086
2020-12-19 11:00:00Z,252.0518
2020-12-20 11:00:00Z,277.8412
2020-12-21 11:00:00Z,307.0986
2020-12-22 11:00:00Z,298.8762
2020-12-23 11:00:00Z,262.4298
2020-12-24 11:00:00Z,227.1088
2020-12-25 11:00:00Z,181.9505
2020-12-26 11:00:00Z,134.9804
2020-12-27 11:00:00Z,162.711
2020-12-28 11:00:00Z,280.6071
2020-12-29 11:00:00Z,304.4595
2020-12-30 11:00:00Z,243.2839
2020-12-31 11:00:00Z,191.5929
2021-01-01 11:00:00Z,143.1968
2021-01-02 11:00:00Z,109.7054
2021-01-03 11:00:00Z,87.034
2021-01-04 11:00:00Z,73.6889
2021-01-05 11:00:00Z,62.96667
2021-01-06 11:00:00Z,52.51878
2021-01-07 11:00:00Z,45.12727
2021-01-08 11:00:00Z,41.43061
2021-01-09 11:00:00Z,36.25602
2021-01-10 11:00:00Z,33.23958
2021-01-11 11:00:00Z,29.36842
2021-01-12 11:00:00Z,26.01188
2021-01-13 11:00:00Z,24.37724
2021-01-14 11:00:00Z,22.52001
2021-01-15 11:00:00Z,20.39746
2021-01-16 11:00:00Z,19.33797
2021-01-17 11:00:00Z,17.74606
2021-01-18 11:00:00Z,18.01138
2021-01-19 11:00:00Z,19.25249
2021-01-20 11:00:00Z,27.38299
2021-01-21 11:00:00Z,49.66958
2021-01-22 11:00:00Z,85.07433
2021-01-23 11:00:00Z,94.11497
2021-01-24 11:00:00Z,91.24593
2021-01-25 11:00:00Z,70.35506
2021-01-26 11:00:00Z,56.21544
2021-01-27 11:00:00Z,46.60522
2021-01-28 11:00:00Z,39.21191
2021-01-29 11:00:00Z,33.29834
2021-01-30 11:00:00Z,28.12375
2021-01-31 11:00:00Z,25.90505
2021-02-01 11:00:00Z,24.4271
2021-02-02 11:00:00Z,23.68812
2021-02-03 11:00:00Z,22.94737
2021-02-04 11:00:00Z,19.99147
2021-02-05 11:00:00Z,19.25249
2021-02-06 11:00:00Z,17.03379
2021-02-07 11:00:00Z,16.0565
2021-02-08 11:00:00Z,13.91206
2021-02-09 11:00:00Z,14.07612
2021-02-10 11:00:00Z,11.85919
2021-02-11 11:00:00Z,11.64552
2021-02-12 11:00:00Z,10.84956
2021-02-13 11:00:00Z,10.58424
2021-02-14 11:00:00Z,10.58424
2021-02-15 11:00:00Z,10.84956
2021-02-16 11:00:00Z,11.12022
2021-02-17 11:00:00Z,11.12022
2021-02-18 11:00:00Z,12.59817
2021-02-19 11:00:00Z,13.33714
2021-02-20 11:00:00Z,16.29482
2021-02-21 11:00:00Z,26.64402
2021-02-22 11:00:00Z,38.98673
2021-02-23 11:00:00Z,46.51591
2021-02-24 11:00:00Z,54.18543
2021-02-25 11:00:00Z,79.2299
2021-02-26 11:00:00Z,91.03983
2021-02-27 11:00:00Z,95.12361
2021-02-28 11:00:00Z,92.07093
2021-03-01 11:00:00Z,83.61382
2021-03-02 11:00:00Z,76.17316
2021-03-03 11:00:00Z,70.3414
2021-03-04 11:00:00Z,65.68257
2021-03-05 11:00:00Z,61.56169
2021-03-06 11:00:00Z,58.2526
2021-03-07 11:00:00Z,55.4977
2021-03-08 11:00:00Z,53.20313
2021-03-09 11:00:00Z,51.64087
2021-03-10 11:00:00Z,50.75611
2021-03-11 11:00:00Z,64.59364
2021-03-12 11:00:00Z,73.52755
2021-03-13 11:00:00Z,59.55305
2021-03-14 11:00:00Z,42.9788
2021-03-15 11:00:00Z,44.92028
2021-03-16 11:00:00Z,58.87114
2021-03-17 11:00:00Z,59.31754
2021-03-18 11:00:00Z,57.00189
2021-03-19 11:00:00Z,55.12769
2021-03-20 11:00:00Z,52.72874
2021-03-21 11:00:00Z,45.27325
2021-03-22 11:00:00Z,43.62984
2021-03-23 11:00:00Z,55.7113
2021-03-24 11:00:00Z,61.61882
2021-03-25 11:00:00Z,66.84065
2021-03-26 11:00:00Z,70.8388
2021-03-27 11:00:00Z,80.38987
2021-03-28 11:00:00Z,85.34224
2021-03-29 11:00:00Z,86.75861
2021-03-30 11:00:00Z,84.03841
2021-03-31 11:00:00Z,96.76651
2021-04-01 11:00:00Z,165.9443
2021-04-02 11:00:00Z,166.7249
2021-04-03 11:00:00Z,135.2952
2021-04-04 11:00:00Z,105.9062
2021-04-05 11:00:00Z,85.59922
2021-04-06 11:00:00Z,75.01233
2021-04-07 11:00:00Z,69.66695
2021-04-08 11:00:00Z,65.30994
2021-04-09 11:00:00Z,63.51637
2021-04-10 11:00:00Z,60.99065
2021-04-11 11:00:00Z,51.84711
2021-04-12 11:00:00Z,44.63443
2021-04-13 11:00:00Z,39.0282
2021-04-14 11:00:00Z,41.07853
2021-04-15 11:00:00Z,45.86124
2021-04-16 11:00:00Z,46.65225
2021-04-17 11:00:00Z,38.16422
2021-04-18 11:00:00Z,32.57631
2021-04-19 11:00:00Z,28.75827
2021-04-20 11:00:00Z,25.13304
2021-04-21 11:00:00Z,26.61909
2021-04-22 11:00:00Z,20.0408
2021-04-23 11:00:00Z,20.56128
2021-04-24 11:00:00Z,24.66995
2021-04-25 11:00:00Z,20.51407
2021-04-26 11:00:00Z,20.43096
2021-04-27 11:00:00Z,31.97746
2021-04-28 11:00:00Z,33.92685
2021-04-29 11:00:00Z,35.64108
2021-04-30 11:00:00Z,33.1269
2021-05-01 11:00:00Z,29.32291
2021-05-02 11:00:00Z,23.5358
2021-05-03 11:00:00Z,20.46909
2021-05-04 11:00:00Z,31.5801
2021-05-05 11:00:00Z,66.80769
2021-05-06 11:00:00Z,69.61373
2021-05-07 11:00:00Z,64.94272
2021-05-08 11:00:00Z,60.592
2021-05-09 11:00:00Z,53.50832
2021-05-10 11:00:00Z,54.29445
2021-05-11 11:00:00Z,72.22325
2021-05-12 11:00:00Z,86.99551
2021-05-13 11:00:00Z,84.6693
2021-05-14 11:00:00Z,71.01731
2021-05-15 11:00:00Z,85.98436
2021-05-16 11:00:00Z,98.09856
2021-05-17 11:00:00Z,106.1911
2021-05-18 11:00:00Z,111.2957
2021-05-19 11:00:00Z,95.16857
2021-05-20 11:00:00Z,93.04522
2021-05-21 11:00:00Z,86.67351
2021-05-22 11:00:00Z,69.69878
2021-05-23 11:00:00Z,72.82697
2021-05-24 11:00:00Z,90.08904
2021-05-25 11:00:00Z,132.6402
2021-05-26 11:00:00Z,134.1758
2021-05-27 11:00:00Z,145.0205
2021-05-28 11:00:00Z,150.0415
2021-05-29 11:00:00Z,116.6473
2021-05-30 11:00:00Z,88.70052
2021-05-31 11:00:00Z,75.95918
2021-06-01 11:00:00Z,67.91325
2021-06-02 11:00:00Z,58.90421
2021-06-03 11:00:00Z,49.46673
2021-06-04 11:00:00Z,49.58445
2021-06-05 11:00:00Z,42.00334
2021-06-06 11:00:00Z,29.14695
2021-06-07 11:00:00Z,23.98151
2021-06-08 11:00:00Z,34.43235
2021-06-09 11:00:00Z,35.8664
2021-06-10 11:00:00Z,33.47383
2021-06-11 11:00:00Z,23.83569
2021-06-12 11:00:00Z,16.66525
2021-06-13 11:00:00Z,12.34961
2021-06-14 11:00:00Z,11.47088
2021-06-15 11:00:00Z,13.41132
2021-06-16 11:00:00Z,16.26405
2021-06-17 11:00:00Z,22.63459
2021-06-18 11:00:00Z,24.92597
2021-06-19 11:00:00Z,30.2548
2021-06-20 11:00:00Z,20.57157
2021-06-21 11:00:00Z,12.47714
2021-06-22 11:00:00Z,15.91711
2021-06-23 11:00:00Z,20.90137
2021-06-24 11:00:00Z,20.84271
2021-06-25 11:00:00Z,16.33375
2021-06-26 11:00:00Z,15.12624
2021-06-27 11:00:00Z,14.44752
2021-06-28 11:00:00Z,11.36831
2021-06-29 11:00:00Z,11.488
2021-06-30 11:00:00Z,9.805384
2021-07-01 11:00:00Z,11.35389
2021-07-02 11:00:00Z,11.69756
2021-07-03 11:00:00Z,9.577936
2021-07-04 11:00:00Z,10.87447
2021-07-05 11:00:00Z,11.78182
2021-07-06 11:00:00Z,10.92422
2021-07-07 11:00:00Z,13.18465
2021-07-08 11:00:00Z,13.22682
2021-07-09 11:00:00Z,41.98777
2021-07-10 11:00:00Z,63.80968
2021-07-11 11:00:00Z,52.32175
2021-07-12 11:00:00Z,44.20435
2021-07-13 11:00:00Z,37.51718
2021-07-14 11:00:00Z,27.67006
2021-07-15 11:00:00Z,22.51048
2021-07-16 11:00:00Z,27.71791
2021-07-17 11:00:00Z,25.31712
2021-07-18 11:00:00Z,15.44168
2021-07-19 11:00:00Z,12.05088
2021-07-20 11:00:00Z,12.17061
2021-07-21 11:00:00Z,11.18879
2021-07-22 11:00:00Z,10.25276
2021-07-23 11:00:00Z,9.769824
2021-07-24 11:00:00Z,9.749656
2021-07-25 11:00:00Z,9.328959
2021-07-26 11:00:00Z,10.51075
2021-07-27 11:00:00Z,17.77135
2021-07-28 11:00:00Z,17.57723
2021-07-29 11:00:00Z,15.07068
2021-07-30 11:00:00Z,13.37336
2021-07-31 11:00:00Z,15.59279
2021-08-01 11:00:00Z,29.4532
2021-08-02 11:00:00Z,35.07489
2021-08-03 11:00:00Z,38.57888
2021-08-04 11:00:00Z,39.43784
2021-08-05 11:00:00Z,37.92796
2021-08-06 11:00:00Z,39.55487
2021-08-07 11:00:00Z,38.03951
2021-08-08 11:00:00Z,27.82464
2021-08-09 11:00:00Z,17.78394
2021-08-10 11:00:00Z,24.75044
2021-08-11 11:00:00Z,21.53554
2021-08-12 11:00:00Z,19.74916
2021-08-13 11:00:00Z,20.85231
2021-08-14 11:00:00Z,18.64795
2021-08-15 11:00:00Z,14.96914
2021-08-16 11:00:00Z,15.87362
2021-08-17 11:00:00Z,17.49473
2021-08-18 11:00:00Z,15.04928
2021-08-19 11:00:00Z,13.35848
2021-08-20 11:00:00Z,10.47841
2021-08-21 11:00:00Z,10.07874
2021-08-22 11:00:00Z,9.158018
2021-08-23 11:00:00Z,8.569506
2021-08-24 11:00:00Z,9.878296
2021-08-25 11:00:00Z,10.22621
2021-08-26 11:00:00Z,10.23374
2021-08-27 11:00:00Z,9.649062
2021-08-28 11:00:00Z,8.830194
2021-08-29 11:00:00Z,7.898132
2021-08-30 11:00:00Z,10.01853
2021-08-31 11:00:00Z,10.81235
2021-09-01 11:00:00Z,9.98557
2021-09-02 11:00:00Z,9.970894
2021-09-03 11:00:00Z,9.711232
2021-09-04 11:00:00Z,11.97017
2021-09-05 11:00:00Z,9.956472
2021-09-06 11:00:00Z,8.784803
2021-09-07 11:00:00Z,9.64295
2021-09-08 11:00:00Z,9.557538
2021-09-09 11:00:00Z,8.903905
2021-09-10 11:00:00Z,8.414755
2021-09-11 11:00:00Z,8.251584
2021-09-12 11:00:00Z,8.165435
2021-09-13 11:00:00Z,7.977168
2021-09-14 11:00:00Z,7.861927
2021-09-15 11:00:00Z,8.297395
2021-09-16 11:00:00Z,9.363687
2021-09-17 11:00:00Z,8.319563
2021-09-18 11:00:00Z,7.526324
2021-09-19 11:00:00Z,7.580999
2021-09-20 11:00:00Z,7.882477
2021-09-21 11:00:00Z,8.988666
2021-09-22 11:00:00Z,8.611084
2021-09-23 11:00:00Z,8.488441
2021-09-24 11:00:00Z,7.698153
2021-09-25 11:00:00Z,7.335536
2021-09-26 11:00:00Z,7.142139
2021-09-27 11:00:00Z,14.83058
2021-09-28 11:00:00Z,46.74073
2021-09-29 11:00:00Z,57.65536
2021-09-30 11:00:00Z,78.81764
2021-10-01 11:00:00Z,108.5998
2021-10-02 11:00:00Z,165.3091
2021-10-03 11:00:00Z,266.8735
2021-10-04 11:00:00Z,374.7641
2021-10-05 11:00:00Z,314.5994
2021-10-06 11:00:00Z,227.3459
2021-10-07 11:00:00Z,177.4281
2021-10-08 11:00:00Z,142.5106
2021-10-09 11:00:00Z,107.4043
2021-10-10 11:00:00Z,81.99525
2021-10-11 11:00:00Z,72.0328
2021-10-12 11:00:00Z,65.48676
2021-10-13 11:00:00Z,60.72391
2021-10-14 11:00:00Z,57.25344
2021-10-15 11:00:00Z,54.90169
2021-10-16 11:00:00Z,47.14103
2021-10-17 11:00:00Z,42.69343
2021-10-18 11:00:00Z,45.35552
2021-10-19 11:00:00Z,45.72119
2021-10-20 11:00:00Z,40.72651
2021-10-21 11:00:00Z,36.6283
2021-10-22 11:00:00Z,28.63621
2021-10-23 11:00:00Z,22.47022
2021-10-24 11:00:00Z,33.74231
2021-10-25 11:00:00Z,31.02814
2021-10-26 11:00:00Z,44.18277
2021-10-27 11:00:00Z,42.28925
2021-10-28 11:00:00Z,47.47333
2021-10-29 11:00:00Z,40.74482
2021-10-30 11:00:00Z,38.41628
2021-10-31 11:00:00Z,79.87675
2021-11-01 11:00:00Z,137.3257
2021-11-02 11:00:00Z,200.0658
2021-11-03 11:00:00Z,292.8636
2021-11-04 11:00:00Z,250.956
2021-11-05 11:00:00Z,174.4857
2021-11-06 11:00:00Z,131.8189
2021-11-07 11:00:00Z,101.0282
2021-11-08 11:00:00Z,88.48348
2021-11-09 11:00:00Z,80.46716
2021-11-10 11:00:00Z,77.97659
2021-11-11 11:00:00Z,76.50403
2021-11-12 11:00:00Z,73.96812
2021-11-13 11:00:00Z,84.73367
2021-11-14 11:00:00Z,86.21399
2021-11-15 11:00:00Z,81.49115
2021-11-16 11:00:00Z,76.99477
2021-11-17 11:00:00Z,78.13773
2021-11-18 11:00:00Z,73.03808
2021-11-19 11:00:00Z,66.20039
2021-11-20 11:00:00Z,62.81461
2021-11-21 11:00:00Z,57.93601
2021-11-22 11:00:00Z,57.92007
2021-11-23 11:00:00Z,50.56067
2021-11-24 11:00:00Z,43.78143
2021-11-25 11:00:00Z,39.64989
2021-11-26 11:00:00Z,39.60155
2021-11-27 11:00:00Z,34.31509
2021-11-28 11:00:00Z,32.02873
2021-11-29 11:00:00Z,28.98202
2021-11-30 11:00:00Z,27.45956
2021-12-01 11:00:00Z,27.45956
2021-12-02 11:00:00Z,20.60224
2021-12-03 11:00:00Z,17.55553
2021-12-04 11:00:00Z,16.24066
2021-12-05 11:00:00Z,13.76818
2021-12-06 11:00:00Z,13.74722
2021-12-07 11:00:00Z,23.49301
2021-12-08 11:00:00Z,39.8474
2021-12-09 11:00:00Z,49.22206
2021-12-10 11:00:00Z,52.64534
2021-12-11 11:00:00Z,50.91259
2021-12-12 11:00:00Z,42.62965
2021-12-13 11:00:00Z,33.21039
2021-12-14 11:00:00Z,32.38312
2021-12-15 11:00:00Z,31.61623
2021-12-16 11:00:00Z,30.87741
2021-12-17 11:00:00Z,29.00103
2021-12-18 11:00:00Z,31.93502
2021-12-19 11:00:00Z,50.97234
2021-12-20 11:00:00Z,70.17062
2021-12-21 11:00:00Z,68.32921
2021-12-22 11:00:00Z,62.83638
2021-12-23 11:00:00Z,54.68425
2021-12-24 11:00:00Z,40.75095
2021-12-25 11:00:00Z,31.20757
2021-12-26 11:00:00Z,28.98202
2021-12-27 11:00:00Z,27.45956
2021-12-28 11:00:00Z,27.45956
2021-12-29 11:00:00Z,25.17319
2021-12-30 11:00:00Z,23.66866
2021-12-31 11:00:00Z,37.2647
2022-01-01 11:00:00Z,43.82369
2022-01-02 11:00:00Z,32.66856
2022-01-03 11:00:00Z,23.88643
2022-01-04 11:00:00Z,28.43405
2022-01-05 11:00:00Z,49.62564
2022-01-06 11:00:00Z,54.59597
2022-01-07 11:00:00Z,54.18129
2022-01-08 11:00:00Z,52.47257
2022-01-09 11:00:00Z,51.2205
2022-01-10 11:00:00Z,51.56168
2022-01-11 11:00:00Z,51.47533
2022-01-12 11:00:00Z,54.5844
2022-01-13 11:00:00Z,50.89948
2022-01-14 11:00:00Z,64.57434
2022-01-15 11:00:00Z,79.98955
2022-01-16 11:00:00Z,74.17394
2022-01-17 11:00:00Z,63.63565
2022-01-18 11:00:00Z,60.24429
2022-01-19 11:00:00Z,54.61068
2022-01-20 11:00:00Z,49.60052
2022-01-21 11:00:00Z,46.24493
2022-01-22 11:00:00Z,53.64342
2022-01-23 11:00:00Z,54.27098
2022-01-24 11:00:00Z,53.90497
2022-01-25 11:00:00Z,49.27565
2022-01-26 11:00:00Z,42.13483
2022-01-27 11:00:00Z,26.61251
2022-01-28 11:00:00Z,27.32461
2022-01-29 11:00:00Z,49.4514
2022-01-30 11:00:00Z,55.20966
2022-01-31 11:00:00Z,52.27034
2022-02-01 11:00:00Z,58.94408
2022-02-02 11:00:00Z,50.29181
2022-02-03 11:00:00Z,51.96299
2022-02-04 11:00:00Z,53.64419
2022-02-05 11:00:00Z,48.13426
2022-02-06 11:00:00Z,46.33714
2022-02-07 11:00:00Z,44.36361
2022-02-08 11:00:00Z,43.86209
2022-02-09 11:00:00Z,43.74199
2022-02-10 11:00:00Z,43.38916
2022-02-11 11:00:00Z,48.0781
2022-02-12 11:00:00Z,50.65866
2022-02-13 11:00:00Z,63.21844
2022-02-14 11:00:00Z,89.51082
2022-02-15 11:00:00Z,123.8767
2022-02-16 11:00:00Z,118.1332
2022-02-17 11:00:00Z,124.1207
2022-02-18 11:00:00Z,109.3128
2022-02-19 11:00:00Z,84.08707
2022-02-20 11:00:00Z,66.45295
2022-02-21 11:00:00Z,60.43529
2022-02-22 11:00:00Z,56.99752
2022-02-23 11:00:00Z,54.94393
2022-02-24 11:00:00Z,63.34701
2022-02-25 11:00:00Z,65.60343
2022-02-26 11:00:00Z,62.66954
2022-02-27 11:00:00Z,59.15647
2022-02-28 11:00:00Z,56.65575
2022-03-01 11:00:00Z,55.39757
2022-03-02 11:00:00Z,50.79998
2022-03-03 11:00:00Z,39.08683
2022-03-04 11:00:00Z,23.28181
2022-03-05 11:00:00Z,25.59848
2022-03-06 11:00:00Z,32.20228
2022-03-07 11:00:00Z,30.65117
2022-03-08 11:00:00Z,29.6086
2022-03-09 11:00:00Z,29.21757
2022-03-10 11:00:00Z,28.92753
2022-03-11 11:00:00Z,27.12057
2022-03-12 11:00:00Z,23.17023
2022-03-13 11:00:00Z,19.17341
2022-03-14 11:00:00Z,17.91113
2022-03-15 11:00:00Z,18.06682
2022-03-16 11:00:00Z,23.46863
2022-03-17 11:00:00Z,30.62712
2022-03-18 11:00:00Z,37.15003
2022-03-19 11:00:00Z,41.49982
2022-03-20 11:00:00Z,41.89239
2022-03-21 11:00:00Z,38.95352
2022-03-22 11:00:00Z,40.94383
2022-03-23 11:00:00Z,41.06135
2022-03-24 11:00:00Z,41.37348
2022-03-25 11:00:00Z,43.63666
2022-03-26 11:00:00Z,67.62527
2022-03-27 11:00:00Z,81.25243
2022-03-28 11:00:00Z,76.53409
2022-03-29 11:00:00Z,89.11182
2022-03-30 11:00:00Z,79.01952
2022-03-31 11:00:00Z,66.07007
2022-04-01 11:00:00Z,55.12054
2022-04-02 11:00:00Z,45.75227
2022-04-03 11:00:00Z,38.41782
2022-04-04 11:00:00Z,34.20125
2022-04-05 11:00:00Z,31.70008
2022-04-06 11:00:00Z,30.38556
2022-04-07 11:00:00Z,29.89312
2022-04-08 11:00:00Z,28.1626
2022-04-09 11:00:00Z,26.37035
2022-04-10 11:00:00Z,24.62028
2022-04-11 11:00:00Z,20.48017
2022-04-12 11:00:00Z,18.61271
2022-04-13 11:00:00Z,22.31811
2022-04-14 11:00:00Z,24.80392
2022-04-15 11:00:00Z,24.39249
2022-04-16 11:00:00Z,24.0579
2022-04-17 11:00:00Z,25.11372
2022-04-18 11:00:00Z,26.219
2022-04-19 11:00:00Z,27.63157
2022-04-20 11:00:00Z,30.28583
2022-04-21 11:00:00Z,34.34047
2022-04-22 11:00:00Z,35.98452
2022-04-23 11:00:00Z,36.70986
2022-04-24 11:00:00Z,37.23722
2022-04-25 11:00:00Z,39.91827
2022-04-26 11:00:00Z,40.3694
2022-04-27 11:00:00Z,40.77055
2022-04-28 11:00:00Z,40.55402
2022-04-29 11:00:00Z,39.24686
2022-04-30 11:00:00Z,37.69815
2022-05-01 11:00:00Z,33.44181
2022-05-02 11:00:00Z,27.54787
2022-05-03 11:00:00Z,24.53701
2022-05-04 11:00:00Z,23.4055
2022-05-05 11:00:00Z,24.85761
2022-05-06 11:00:00Z,28.9409
2022-05-07 11:00:00Z,32.83494
2022-05-08 11:00:00Z,27.47466
2022-05-09 11:00:00Z,22.28953
2022-05-10 11:00:00Z,21.11511
2022-05-11 11:00:00Z,20.86898
2022-05-12 11:00:00Z,20.52713
2022-05-13 11:00:00Z,21.66821
2022-05-14 11:00:00Z,24.59349
2022-05-15 11:00:00Z,24.92514
2022-05-16 11:00:00Z,23.51675
2022-05-17 11:00:00Z,21.57588
2022-05-18 11:00:00Z,19.8601
2022-05-19 11:00:00Z,18.65741
2022-05-20 11:00:00Z,17.66587
2022-05-21 11:00:00Z,16.36891
2022-05-22 11:00:00Z,15.40072
2022-05-23 11:00:00Z,14.15757
2022-05-24 11:00:00Z,14.02121
2022-05-25 11:00:00Z,14.44265
2022-05-26 11:00:00Z,16.47594
2022-05-27 11:00:00Z,16.39324
2022-05-28 11:00:00Z,15.08774
2022-05-29 11:00:00Z,14.1669
2022-05-30 11:00:00Z,13.38503
2022-05-31 11:00:00Z,12.67087
2022-06-01 11:00:00Z,11.99939
2022-06-02 11:00:00Z,11.69716
2022-06-03 11:00:00Z,11.9009
2022-06-04 11:00:00Z,12.02747
2022-06-05 11:00:00Z,11.39326
2022-06-06 11:00:00Z,10.89485
2022-06-07 11:00:00Z,10.54082
2022-06-08 11:00:00Z,10.64702
2022-06-09 11:00:00Z,10.13897
2022-06-10 11:00:00Z,9.342052
2022-06-11 11:00:00Z,8.308548
2022-06-12 11:00:00Z,7.750892
2022-06-13 11:00:00Z,7.503492
2022-06-14 11:00:00Z,7.167727
2022-06-15 11:00:00Z,6.776497
2022-06-16 11:00:00Z,6.504946
2022-06-17 11:00:00Z,6.383522
2022-06-18 11:00:00Z,6.300653
2022-06-19 11:00:00Z,6.100527
2022-06-20 11:00:00Z,5.91481
2022-06-21 11:00:00Z,5.45427
2022-06-22 11:00:00Z,4.823671
2022-06-23 11:00:00Z,4.107176
2022-06-24 11:00:00Z,3.61653
2022-06-25 11:00:00Z,3.388879
2022-06-26 11:00:00Z,3.077102
2022-06-27 11:00:00Z,3.162708
2022-06-28 11:00:00Z,3.378588
2022-06-29 11:00:00Z,3.186968
2022-06-30 11:00:00Z,2.997371
2022-07-01 11:00:00Z,2.883653
2022-07-02 11:00:00Z,2.83032
2022-07-03 11:00:00Z,3.185244
2022-07-04 11:00:00Z,3.456469
2022-07-05 11:00:00Z,3.420216
2022-07-06 11:00:00Z,3.261316
2022-07-07 11:00:00Z,3.082317
2022-07-08 11:00:00Z,3.033101
2022-07-09 11:00:00Z,2.914026
2022-07-10 11:00:00Z,2.649673
2022-07-11 11:00:00Z,2.449045
2022-07-12 11:00:00Z,2.362547
2022-07-13 11:00:00Z,2.29275
2022-07-14 11:00:00Z,2.221783
2022-07-15 11:00:00Z,2.11042
2022-07-16 11:00:00Z,2.001592
2022-07-17 11:00:00Z,1.914518
2022-07-18 11:00:00Z,1.857016
2022-07-19 11:00:00Z,1.764395
2022-07-20 11:00:00Z,1.651254
2022-07-21 11:00:00Z,1.590429
2022-07-22 11:00:00Z,1.583523
2022-07-23 11:00:00Z,1.556586
2022-07-24 11:00:00Z,1.537074
2022-07-25 11:00:00Z,1.753636
2022-07-26 11:00:00Z,1.855874
2022-07-27 11:00:00Z,1.759747
2022-07-28 11:00:00Z,1.601718
2022-07-29 11:00:00Z,1.492849
2022-07-30 11:00:00Z,1.438493
2022-07-31 11:00:00Z,1.472882
2022-08-01 11:00:00Z,1.538031
2022-08-02 11:00:00Z,1.689167
2022-08-03 11:00:00Z,1.962757
2022-08-04 11:00:00Z,1.994732
2022-08-05 11:00:00Z,2.126927
2022-08-06 11:00:00Z,2.43433
2022-08-07 11:00:00Z,2.774352
2022-08-08 11:00:00Z,2.962474
2022-08-09 11:00:00Z,2.980494
2022-08-10 11:00:00Z,2.812939
2022-08-11 11:00:00Z,2.626037
2022-08-12 11:00:00Z,2.424181
2022-08-13 11:00:00Z,2.246933
2022-08-14 11:00:00Z,2.045458
2022-08-15 11:00:00Z,1.942422
2022-08-16 11:00:00Z,2.279969
2022-08-17 11:00:00Z,2.353134
2022-08-18 11:00:00Z,2.354451
2022-08-19 11:00:00Z,2.454055
2022-08-20 11:00:00Z,2.879173
2022-08-21 11:00:00Z,3.650208
2022-08-22 11:00:00Z,4.27934
2022-08-23 11:00:00Z,4.313241
2022-08-24 11:00:00Z,4.224216
2022-08-25 11:00:00Z,4.106216
2022-08-26 11:00:00Z,5.027792
2022-08-27 11:00:00Z,9.863683
2022-08-28 11:00:00Z,9.41692
2022-08-29 11:00:00Z,8.586715
2022-08-30 11:00:00Z,8.973709
2022-08-31 11:00:00Z,8.823812
2022-09-01 11:00:00Z,7.410986
2022-09-02 11:00:00Z,6.198941
2022-09-03 11:00:00Z,5.767395
2022-09-04 11:00:00Z,5.738372
2022-09-05 11:00:00Z,6.036908
2022-09-06 11:00:00Z,5.839352
2022-09-07 11:00:00Z,5.465058
2022-09-08 11:00:00Z,5.181137
2022-09-09 11:00:00Z,5.444283
2022-09-10 11:00:00Z,6.353716
2022-09-11 11:00:00Z,6.428012
2022-09-12 11:00:00Z,10.104
2022-09-13 11:00:00Z,28.9952
2022-09-14 11:00:00Z,32.91758
2022-09-15 11:00:00Z,43.91758
2022-09-16 11:00:00Z,48.42443
2022-09-17 11:00:00Z,39.33188
2022-09-18 11:00:00Z,22.78616
2022-09-19 11:00:00Z,15.54299
2022-09-20 11:00:00Z,16.7885
2022-09-21 11:00:00Z,23.52878
2022-09-22 11:00:00Z,28.43225
2022-09-23 11:00:00Z,34.18319
2022-09-24 11:00:00Z,39.79702
2022-09-25 11:00:00Z,34.14097
2022-09-26 11:00:00Z,26.81492
2022-09-27 11:00:00Z,35.58163
2022-09-28 11:00:00Z,81.94352
2022-09-29 11:00:00Z,108.2065
2022-09-30 11:00:00Z,108.0156
2022-10-01 11:00:00Z,106.3669
2022-10-02 11:00:00Z,124.9372
2022-10-03 11:00:00Z,130.1658
2022-10-04 11:00:00Z,108.6374
2022-10-05 11:00:00Z,92.60619
2022-10-06 11:00:00Z,87.72431
2022-10-07 11:00:00Z,89.04751
2022-10-08 11:00:00Z,108.0498
2022-10-09 11:00:00Z,111.3514
2022-10-10 11:00:00Z,100.9949
2022-10-11 11:00:00Z,85.78432
2022-10-12 11:00:00Z,76.21306
2022-10-13 11:00:00Z,73.96634
2022-10-14 11:00:00Z,70.67052
2022-10-15 11:00:00Z,71.30977
2022-10-16 11:00:00Z,104.4518
2022-10-17 11:00:00Z,161.5936
2022-10-18 11:00:00Z,160.7292
2022-10-19 11:00:00Z,140.1677
2022-10-20 11:00:00Z,117.816
2022-10-21 11:00:00Z,93.53683
2022-10-22 11:00:00Z,80.56437
2022-10-23 11:00:00Z,72.60338
2022-10-24 11:00:00Z,70.93932
2022-10-25 11:00:00Z,93.86344
2022-10-26 11:00:00Z,99.62202
2022-10-27 11:00:00Z,104.3523
2022-10-28 11:00:00Z,90.63239
2022-10-29 11:00:00Z,85.93788
2022-10-30 11:00:00Z,82.17068
2022-10-31 11:00:00Z,76.26634
2022-11-01 11:00:00Z,78.9502
2022-11-02 11:00:00Z,86.9381
2022-11-03 11:00:00Z,132.9463
2022-11-04 11:00:00Z,252.5292
2022-11-05 11:00:00Z,411.988
2022-11-06 11:00:00Z,368.5842
2022-11-07 11:00:00Z,356.9872
2022-11-08 11:00:00Z,364.8175
2022-11-09 11:00:00Z,343.5497
2022-11-10 11:00:00Z,296.065
2022-11-11 11:00:00Z,230.6605
2022-11-12 11:00:00Z,176.986
2022-11-13 11:00:00Z,133.1924
2022-11-14 11:00:00Z,108.2326
2022-11-15 11:00:00Z,88.70918
2022-11-16 11:00:00Z,130.3674
2022-11-17 11:00:00Z,164.2789
2022-11-18 11:00:00Z,161.6002
2022-11-19 11:00:00Z,128.05
2022-11-20 11:00:00Z,97.328
2022-11-21 11:00:00Z,82.41747
2022-11-22 11:00:00Z,76.20433
2022-11-23 11:00:00Z,96.07219
2022-11-24 11:00:00Z,278.6085
2022-11-25 11:00:00Z,429.6527
2022-11-26 11:00:00Z,518.8689
2022-11-27 11:00:00Z,462.1987
2022-11-28 11:00:00Z,438.6587
2022-11-29 11:00:00Z,546.644
2022-11-30 11:00:00Z,476.4465
2022-12-01 11:00:00Z,320.2068
2022-12-02 11:00:00Z,215.5134
2022-12-03 11:00:00Z,149.8511
2022-12-04 11:00:00Z,122.8453
2022-12-05 11:00:00Z,96.76871
2022-12-06 11:00:00Z,80.05699
2022-12-07 11:00:00Z,67.95316
2022-12-08 11:00:00Z,62.99126
2022-12-09 11:00:00Z,59.13139
2022-12-10 11:00:00Z,51.87007
2022-12-11 11:00:00Z,41.81046
2022-12-12 11:00:00Z,38.30906
2022-12-13 11:00:00Z,46.64547
2022-12-14 11:00:00Z,49.07421
2022-12-15 11:00:00Z,47.92568
2022-12-16 11:00:00Z,46.79379
2022-12-17 11:00:00Z,40.679
2022-12-18 11:00:00Z,27.66625
2022-12-19 11:00:00Z,24.95628
2022-12-20 11:00:00Z,29.81606
2022-12-21 11:00:00Z,34.77554
2022-12-22 11:00:00Z,48.43184
2022-12-23 11:00:00Z,60.42249
2022-12-24 11:00:00Z,61.82469
2022-12-25 11:00:00Z,61.23381
2022-12-26 11:00:00Z,88.85957
2022-12-27 11:00:00Z,106.1706
2022-12-28 11:00:00Z,98.59613
2022-12-29 11:00:00Z,89.68006
2022-12-30 11:00:00Z,86.26527
2022-12-31 11:00:00Z,133.7543
2023-01-01 11:00:00Z,158.4973
2023-01-02 11:00:00Z,127.9865
2023-01-03 11:00:00Z,108.9395
2023-01-04 11:00:00Z,101.9711
2023-01-05 11:00:00Z,90.6841
2023-01-06 11:00:00Z,80.19933
2023-01-07 11:00:00Z,80.36887
2023-01-08 11:00:00Z,128.1108
2023-01-09 11:00:00Z,209.1717
2023-01-10 11:00:00Z,299.8181
2023-01-11 11:00:00Z,319.7223
2023-01-12 11:00:00Z,273.8728
2023-01-13 11:00:00Z,242.8236
2023-01-14 11:00:00Z,230.5516
2023-01-15 11:00:00Z,205.3347
2023-01-16 11:00:00Z,160.2985
2023-01-17 11:00:00Z,138.2939
2023-01-18 11:00:00Z,120.9972
2023-01-19 11:00:00Z,99.09765
2023-01-20 11:00:00Z,81.37624
2023-01-21 11:00:00Z,66.60197
2023-01-22 11:00:00Z,58.90431
2023-01-23 11:00:00Z,56.61374
2023-01-24 11:00:00Z,56.94237
2023-01-25 11:00:00Z,62.63345
2023-01-26 11:00:00Z,69.22234
2023-01-27 11:00:00Z,68.01627
2023-01-28 11:00:00Z,66.50375
2023-01-29 11:00:00Z,63.60521
2023-01-30 11:00:00Z,63.48723
2023-01-31 11:00:00Z,62.80746
2023-02-01 11:00:00Z,60.50729
2023-02-02 11:00:00Z,58.50352
2023-02-03 11:00:00Z,57.57006
2023-02-04 11:00:00Z,55.2215
2023-02-05 11:00:00Z,44.07129
2023-02-06 11:00:00Z,34.17212
2023-02-07 11:00:00Z,48.7364
2023-02-08 11:00:00Z,53.04416
2023-02-09 11:00:00Z,59.01919
2023-02-10 11:00:00Z,62.77701
2023-02-11 11:00:00Z,65.08723
2023-02-12 11:00:00Z,68.68364
2023-02-13 11:00:00Z,70.03751
2023-02-14 11:00:00Z,68.99445
2023-02-15 11:00:00Z,65.92827
2023-02-16 11:00:00Z,63.61915
2023-02-17 11:00:00Z,66.10367
2023-02-18 11:00:00Z,74.04831
2023-02-19 11:00:00Z,74.60937
2023-02-20 11:00:00Z,72.06303
2023-02-21 11:00:00Z,71.34544
2023-02-22 11:00:00Z,80.00235
2023-02-23 11:00:00Z,91.48067
2023-02-24 11:00:00Z,90.01064
2023-02-25 11:00:00Z,82.83165
2023-02-26 11:00:00Z,69.13188
2023-02-27 11:00:00Z,61.02786
2023-02-28 11:00:00Z,56.9235
2023-03-01 11:00:00Z,54.23789
2023-03-02 11:00:00Z,52.25066
2023-03-03 11:00:00Z,50.43509
2023-03-04 11:00:00Z,45.42995
2023-03-05 11:00:00Z,41.18871
2023-03-06 11:00:00Z,44.58776
2023-03-07 11:00:00Z,43.85912
2023-03-08 11:00:00Z,43.25332
2023-03-09 11:00:00Z,43.13137
2023-03-10 11:00:00Z,44.45805
2023-03-11 11:00:00Z,32.87212
2023-03-12 11:00:00Z,19.19298
2023-03-13 11:00:00Z,17.33493
2023-03-14 11:00:00Z,17.8712
2023-03-15 11:00:00Z,17.5509
2023-03-16 11:00:00Z,29.44127
2023-03-17 11:00:00Z,44.30894
2023-03-18 11:00:00Z,56.1665
2023-03-19 11:00:00Z,57.03908
2023-03-20 11:00:00Z,44.40251
2023-03-21 11:00:00Z,54.93194
2023-03-22 11:00:00Z,73.89349
2023-03-23 11:00:00Z,86.83356
2023-03-24 11:00:00Z,97.86046
2023-03-25 11:00:00Z,110.926
2023-03-26 11:00:00Z,106.7572
2023-03-27 11:00:00Z,122.0448
2023-03-28 11:00:00Z,108.786
2023-03-29 11:00:00Z,87.34776
2023-03-30 11:00:00Z,70.55289
2023-03-31 11:00:00Z,59.43963
2023-04-01 11:00:00Z,53.97519
2023-04-02 11:00:00Z,51.96819
2023-04-03 11:00:00Z,50.51639
2023-04-04 11:00:00Z,50.52142
2023-04-05 11:00:00Z,50.53054
2023-04-06 11:00:00Z,50.74945
2023-04-07 11:00:00Z,50.83243
2023-04-08 11:00:00Z,51.36932
2023-04-09 11:00:00Z,52.98318
2023-04-10 11:00:00Z,55.72997
2023-04-11 11:00:00Z,90.31895
2023-04-12 11:00:00Z,125.5547
2023-04-13 11:00:00Z,184.8026
2023-04-14 11:00:00Z,259.1717
2023-04-15 11:00:00Z,249.6958
2023-04-16 11:00:00Z,229.4973
2023-04-17 11:00:00Z,192.6127
2023-04-18 11:00:00Z,171.1166
2023-04-19 11:00:00Z,158.3391
2023-04-20 11:00:00Z,143.8039
2023-04-21 11:00:00Z,134.1721
2023-04-22 11:00:00Z,131.1737
2023-04-23 11:00:00Z,132.3633
2023-04-24 11:00:00Z,143.2452
2023-04-25 11:00:00Z,172.0066
2023-04-26 11:00:00Z,175.9527
2023-04-27 11:00:00Z,149.043
2023-04-28 11:00:00Z,111.6271
2023-04-29 11:00:00Z,93.81415
2023-04-30 11:00:00Z,86.25037
2023-05-01 11:00:00Z,79.80384
2023-05-02 11:00:00Z,76.98641
2023-05-03 11:00:00Z,74.79321
2023-05-04 11:00:00Z,71.19819
2023-05-05 11:00:00Z,69.52905
2023-05-06 11:00:00Z,69.92728
2023-05-07 11:00:00Z,67.94789
2023-05-08 11:00:00Z,66.03561
2023-05-09 11:00:00Z,65.71916
2023-05-10 11:00:00Z,71.88798
2023-05-11 11:00:00Z,90.23489
2023-05-12 11:00:00Z,110.7746
2023-05-13 11:00:00Z,114.8088
2023-05-14 11:00:00Z,112.5786
2023-05-15 11:00:00Z,112.8856
2023-05-16 11:00:00Z,109.383
2023-05-17 11:00:00Z,96.49088
2023-05-18 11:00:00Z,96.32178
2023-05-19 11:00:00Z,84.28108
2023-05-20 11:00:00Z,63.20803
2023-05-21 11:00:00Z,53.49601
2023-05-22 11:00:00Z,53.86606
2023-05-23 11:00:00Z,68.16518
2023-05-24 11:00:00Z,70.88435
2023-05-25 11:00:00Z,77.2431
2023-05-26 11:00:00Z,68.74321
2023-05-27 11:00:00Z,72.79563
2023-05-28 11:00:00Z,67.09559
2023-05-29 11:00:00Z,50.75103
2023-05-30 11:00:00Z,41.22274
2023-05-31 11:00:00Z,39.89655
2023-06-01 11:00:00Z,32.28901
2023-06-02 11:00:00Z,28.84292
2023-06-03 11:00:00Z,26.59394
2023-06-04 11:00:00Z,24.81346
2023-06-05 11:00:00Z,22.65086
2023-06-06 11:00:00Z,18.71914
2023-06-07 11:00:00Z,19.15371
2023-06-08 11:00:00Z,19.64089
2023-06-09 11:00:00Z,19.27095
2023-06-10 11:00:00Z,17.98779
2023-06-11 11:00:00Z,16.06479
2023-06-12 11:00:00Z,13.32878
2023-06-13 11:00:00Z,11.95301
2023-06-14 11:00:00Z,12.51474
2023-06-15 11:00:00Z,12.57495
2023-06-16 11:00:00Z,11.77867
2023-06-17 11:00:00Z,11.83458
2023-06-18 11:00:00Z,11.06846
2023-06-19 11:00:00Z,9.854582
2023-06-20 11:00:00Z,11.14866
2023-06-21 11:00:00Z,13.09794
2023-06-22 11:00:00Z,12.19532
2023-06-23 11:00:00Z,12.01221
2023-06-24 11:00:00Z,11.6941
2023-06-25 11:00:00Z,11.59673
2023-06-26 11:00:00Z,11.84296
2023-06-27 11:00:00Z,12.93692
2023-06-28 11:00:00Z,12.39986
2023-06-29 11:00:00Z,11.23567
2023-06-30 11:00:00Z,11.10736
2023-07-01 11:00:00Z,11.7638
2023-07-02 11:00:00Z,11.2861
2023-07-03 11:00:00Z,9.60229
2023-07-04 11:00:00Z,10.76356
2023-07-05 11:00:00Z,12.25083
2023-07-06 11:00:00Z,16.63293
2023-07-07 11:00:00Z,25.19608
2023-07-08 11:00:00Z,33.52997
2023-07-09 11:00:00Z,41.97472
2023-07-10 11:00:00Z,43.90042
2023-07-11 11:00:00Z,39.82147
2023-07-12 11:00:00Z,33.65543
2023-07-13 11:00:00Z,29.47869
2023-07-14 11:00:00Z,34.61782
2023-07-15 11:00:00Z,34.67469
2023-07-16 11:00:00Z,27.90641
2023-07-17 11:00:00Z,33.71078
2023-07-18 11:00:00Z,53.6109
2023-07-19 11:00:00Z,72.16185
2023-07-20 11:00:00Z,68.28307
2023-07-21 11:00:00Z,58.65492
2023-07-22 11:00:00Z,58.50677
2023-07-23 11:00:00Z,47.29626
2023-07-24 11:00:00Z,41.85145
2023-07-25 11:00:00Z,42.58129
2023-07-26 11:00:00Z,23.99817
2023-07-27 11:00:00Z,17.54292
2023-07-28 11:00:00Z,17.254
2023-07-29 11:00:00Z,24.49418
2023-07-30 11:00:00Z,21.3367
2023-07-31 11:00:00Z,16.85535
2023-08-01 11:00:00Z,18.54693
2023-08-02 11:00:00Z,20.31496
2023-08-03 11:00:00Z,17.36208
2023-08-04 11:00:00Z,12.52938
2023-08-05 11:00:00Z,11.51457
2023-08-06 11:00:00Z,12.88698
2023-08-07 11:00:00Z,12.09585
2023-08-08 11:00:00Z,11.30725
2023-08-09 11:00:00Z,11.51161
2023-08-10 11:00:00Z,11.81973
2023-08-11 11:00:00Z,15.01014
2023-08-12 11:00:00Z,19.82533
2023-08-13 11:00:00Z,16.34903
2023-08-14 11:00:00Z,16.80884
2023-08-15 11:00:00Z,26.19567
2023-08-16 11:00:00Z,34.63298
2023-08-17 11:00:00Z,39.81972
2023-08-18 11:00:00Z,37.80021
2023-08-19 11:00:00Z,34.44223
2023-08-20 11:00:00Z,68.57411
2023-08-21 11:00:00Z,80.5574
2023-08-22 11:00:00Z,77.11297
2023-08-23 11:00:00Z,68.64342
2023-08-24 11:00:00Z,61.24355
2023-08-25 11:00:00Z,57.43482
2023-08-26 11:00:00Z,56.31733
2023-08-27 11:00:00Z,54.73187
2023-08-28 11:00:00Z,52.3004
2023-08-29 11:00:00Z,49.50282
2023-08-30 11:00:00Z,58.36837
2023-08-31 11:00:00Z,62.66364
2023-09-01 11:00:00Z,57.52802
2023-09-02 11:00:00Z,51.98846
2023-09-03 11:00:00Z,46.36768
2023-09-04 11:00:00Z,36.4984
2023-09-05 11:00:00Z,34.43969
2023-09-06 11:00:00Z,26.94751
2023-09-07 11:00:00Z,19.86097
2023-09-08 11:00:00Z,16.31702
2023-09-09 11:00:00Z,12.85218
2023-09-10 11:00:00Z,11.42091
2023-09-11 11:00:00Z,11.26867
2023-09-12 11:00:00Z,15.68996
2023-09-13 11:00:00Z,27.06809
2023-09-14 11:00:00Z,30.95604
2023-09-15 11:00:00Z,28.34402
2023-09-16 11:00:00Z,37.68992
2023-09-17 11:00:00Z,36.15163
2023-09-18 11:00:00Z,66.51005
2023-09-19 11:00:00Z,192.5498
2023-09-20 11:00:00Z,288.648
2023-09-21 11:00:00Z,267.2935
2023-09-22 11:00:00Z,298.0775
2023-09-23 11:00:00Z,290.9638
2023-09-24 11:00:00Z,209.8879
2023-09-25 11:00:00Z,169.2378
2023-09-26 11:00:00Z,154.6347
2023-09-27 11:00:00Z,140.6066
2023-09-28 11:00:00Z,118.2889
2023-09-29 11:00:00Z,97.92612
2023-09-30 11:00:00Z,81.47275
2023-10-01 11:00:00Z,73.10454
2023-10-02 11:00:00Z,67.99214
2023-10-03 11:00:00Z,62.93826
2023-10-04 11:00:00Z,44.61829
2023-10-05 11:00:00Z,33.69908
2023-10-06 11:00:00Z,46.87724
2023-10-07 11:00:00Z,30.96777
2023-10-08 11:00:00Z,41.52299
2023-10-09 11:00:00Z,50.14816
2023-10-10 11:00:00Z,49.68764
2023-10-11 11:00:00Z,35.04006
2023-10-12 11:00:00Z,19.33281
2023-10-13 11:00:00Z,31.41314
2023-10-14 11:00:00Z,36.52552
2023-10-15 11:00:00Z,28.67977
2023-10-16 11:00:00Z,43.3459
2023-10-17 11:00:00Z,58.72831
2023-10-18 11:00:00Z,57.40339
2023-10-19 11:00:00Z,55.93693
2023-10-20 11:00:00Z,56.35416
2023-10-21 11:00:00Z,51.2285
2023-10-22 11:00:00Z,52.79468
2023-10-23 11:00:00Z,62.01502
2023-10-24 11:00:00Z,63.68059
2023-10-25 11:00:00Z,72.48523
2023-10-26 11:00:00Z,69.229
2023-10-27 11:00:00Z,66.53748
2023-10-28 11:00:00Z,63.62832
2023-10-29 11:00:00Z,54.38966
2023-10-30 11:00:00Z,55.90932
2023-10-31 11:00:00Z,56.59413
2023-11-01 11:00:00Z,43.95368
2023-11-02 11:00:00Z,35.12119
2023-11-03 11:00:00Z,177.841
2023-11-04 11:00:00Z,327.5284
2023-11-05 11:00:00Z,525.2771
2023-11-06 11:00:00Z,528.9804
2023-11-07 11:00:00Z,381.0235
2023-11-08 11:00:00Z,252.2757
2023-11-09 11:00:00Z,181.4459
2023-11-10 11:00:00Z,126.0363
2023-11-11 11:00:00Z,96.58405
2023-11-12 11:00:00Z,84.72465
2023-11-13 11:00:00Z,75.00413
2023-11-14 11:00:00Z,67.81563
2023-11-15 11:00:00Z,62.97401
2023-11-16 11:00:00Z,58.95993
2023-11-17 11:00:00Z,55.82447
2023-11-18 11:00:00Z,53.63404
2023-11-19 11:00:00Z,41.87464
2023-11-20 11:00:00Z,33.56712
2023-11-21 11:00:00Z,45.87829
2023-11-22 11:00:00Z,46.48042
2023-11-23 11:00:00Z,32.13928
2023-11-24 11:00:00Z,31.6245
2023-11-25 11:00:00Z,24.01413
2023-11-26 11:00:00Z,31.64372
2023-11-27 11:00:00Z,39.38101
2023-11-28 11:00:00Z,36.20123
2023-11-29 11:00:00Z,36.14292
2023-11-30 11:00:00Z,36.99797
2023-12-01 11:00:00Z,36.48337
2023-12-02 11:00:00Z,33.5578
2023-12-03 11:00:00Z,28.6933
2023-12-04 11:00:00Z,21.49493
2023-12-05 11:00:00Z,24.73289
2023-12-06 11:00:00Z,26.8438
2023-12-07 11:00:00Z,27.06586
2023-12-08 11:00:00Z,21.19823
2023-12-09 11:00:00Z,23.1244
2023-12-10 11:00:00Z,21.05751
2023-12-11 11:00:00Z,17.71662
2023-12-12 11:00:00Z,25.05355
2023-12-13 11:00:00Z,40.05758
2023-12-14 11:00:00Z,43.19182
2023-12-15 11:00:00Z,43.05371
2023-12-16 11:00:00Z,35.31861
2023-12-17 11:00:00Z,29.80559
2023-12-18 11:00:00Z,38.82048
2023-12-19 11:00:00Z,44.83985
2023-12-20 11:00:00Z,56.03205
2023-12-21 11:00:00Z,58.49716
2023-12-22 11:00:00Z,55.02528
2023-12-23 11:00:00Z,48.76036
2023-12-24 11:00:00Z,41.05236
2023-12-25 11:00:00Z,28.20995
2023-12-26 11:00:00Z,24.8606
2023-12-27 11:00:00Z,30.63858
2023-12-28 11:00:00Z,26.48782
2023-12-29 11:00:00Z,24.54588
2023-12-30 11:00:00Z,31.36233
2023-12-31 11:00:00Z,30.21628
2024-01-01 11:00:00Z,25.64236
2024-01-02 11:00:00Z,28.69069
2024-01-03 11:00:00Z,35.1179
2024-01-04 11:00:00Z,25.12183
2024-01-05 11:00:00Z,19.93059
2024-01-06 11:00:00Z,22.59287
2024-01-07 11:00:00Z,24.06308
2024-01-08 11:00:00Z,26.64668
2024-01-09 11:00:00Z,33.0199
2024-01-10 11:00:00Z,20.74352
2024-01-11 11:00:00Z,24.3497
2024-01-12 11:00:00Z,31.48542
2024-01-13 11:00:00Z,21.95926
2024-01-14 11:00:00Z,18.34233
2024-01-15 11:00:00Z,14.49409
2024-01-16 11:00:00Z,17.11859
2024-01-17 11:00:00Z,24.4249
2024-01-18 11:00:00Z,34.7051
2024-01-19 11:00:00Z,43.62981
2024-01-20 11:00:00Z,49.03502
2024-01-21 11:00:00Z,44.8732
2024-01-22 11:00:00Z,74.81831
2024-01-23 11:00:00Z,121.5778
2024-01-24 11:00:00Z,133.7933
2024-01-25 11:00:00Z,156.6415
2024-01-26 11:00:00Z,166.4412
2024-01-27 11:00:00Z,164.5036
2024-01-28 11:00:00Z,144.1569
2024-01-29 11:00:00Z,124.1306
2024-01-30 11:00:00Z,110.2561
2024-01-31 11:00:00Z,99.18954
2024-02-01 11:00:00Z,99.26575
2024-02-02 11:00:00Z,96.48887
2024-02-03 11:00:00Z,104.3459
2024-02-04 11:00:00Z,119.8518
2024-02-05 11:00:00Z,108.9544
2024-02-06 11:00:00Z,93.0919
2024-02-07 11:00:00Z,80.73619
2024-02-08 11:00:00Z,68.13126
2024-02-09 11:00:00Z,61.09922
2024-02-10 11:00:00Z,57.10518
2024-02-11 11:00:00Z,54.43644
2024-02-12 11:00:00Z,53.08091
2024-02-13 11:00:00Z,50.26981
2024-02-14 11:00:00Z,46.28631
2024-02-15 11:00:00Z,48.17126
2024-02-16 11:00:00Z,56.59855
2024-02-17 11:00:00Z,62.76037
2024-02-18 11:00:00Z,62.80158
2024-02-19 11:00:00Z,60.6977
2024-02-20 11:00:00Z,58.43422
2024-02-21 11:00:00Z,58.64098
2024-02-22 11:00:00Z,83.03344
2024-02-23 11:00:00Z,170.7237
2024-02-24 11:00:00Z,220.8606
2024-02-25 11:00:00Z,238.8553
2024-02-26 11:00:00Z,178.6792
2024-02-27 11:00:00Z,147.3449
2024-02-28 11:00:00Z,122.3148
2024-02-29 11:00:00Z,122.735
2024-03-01 11:00:00Z,198.6975
2024-03-02 11:00:00Z,278.89
2024-03-03 11:00:00Z,294.7063
2024-03-04 11:00:00Z,270.8468
2024-03-05 11:00:00Z,239.6542
2024-03-06 11:00:00Z,191.0778
2024-03-07 11:00:00Z,142.5051
2024-03-08 11:00:00Z,109.2098
2024-03-09 11:00:00Z,92.42447
2024-03-10 11:00:00Z,73.31425
2024-03-11 11:00:00Z,62.44567
2024-03-12 11:00:00Z,57.89956
2024-03-13 11:00:00Z,55.84857
2024-03-14 11:00:00Z,59.52208
2024-03-15 11:00:00Z,69.50841
2024-03-16 11:00:00Z,84.04169
2024-03-17 11:00:00Z,106.6793
2024-03-18 11:00:00Z,109.6604
2024-03-19 11:00:00Z,93.58015
2024-03-20 11:00:00Z,82.54872
2024-03-21 11:00:00Z,74.32431
2024-03-22 11:00:00Z,68.74075
2024-03-23 11:00:00Z,68.22416
2024-03-24 11:00:00Z,69.26138
2024-03-25 11:00:00Z,70.52526
2024-03-26 11:00:00Z,73.53408
2024-03-27 11:00:00Z,76.995
2024-03-28 11:00:00Z,78.55109
2024-03-29 11:00:00Z,97.31851
2024-03-30 11:00:00Z,124.2036
2024-03-31 11:00:00Z,155.4812
2024-04-01 11:00:00Z,181.007
2024-04-02 11:00:00Z,177.1808
2024-04-03 11:00:00Z,152.2136
2024-04-04 11:00:00Z,123.6156
2024-04-05 11:00:00Z,109.165
2024-04-06 11:00:00Z,98.30132
2024-04-07 11:00:00Z,92.75352
2024-04-08 11:00:00Z,110.9453
2024-04-09 11:00:00Z,141.4185
2024-04-10 11:00:00Z,178.6829
2024-04-11 11:00:00Z,211.0125
2024-04-12 11:00:00Z,207.6207
2024-04-13 11:00:00Z,201.3458
2024-04-14 11:00:00Z,195.8191
2024-04-15 11:00:00Z,182.3516
2024-04-16 11:00:00Z,164.9542
2024-04-17 11:00:00Z,140.076
2024-04-18 11:00:00Z,113.2816
2024-04-19 11:00:00Z,99.04872
2024-04-20 11:00:00Z,81.80701
2024-04-21 11:00:00Z,73.91817
2024-04-22 11:00:00Z,68.07518
2024-04-23 11:00:00Z,63.87754
2024-04-24 11:00:00Z,61.0678
2024-04-25 11:00:00Z,59.91677
2024-04-26 11:00:00Z,58.46649
2024-04-27 11:00:00Z,56.97596
2024-04-28 11:00:00Z,44.83397
2024-04-29 11:00:00Z,33.82305
2024-04-30 11:00:00Z,52.63694
2024-05-01 11:00:00Z,60.2862
2024-05-02 11:00:00Z,56.32731
2024-05-03 11:00:00Z,75.45952
2024-05-04 11:00:00Z,95.36922
2024-05-05 11:00:00Z,97.83046
2024-05-06 11:00:00Z,101.6267
2024-05-07 11:00:00Z,104.0219
2024-05-08 11:00:00Z,100.4241
2024-05-09 11:00:00Z,88.17232
2024-05-10 11:00:00Z,69.5898
2024-05-11 11:00:00Z,59.31919
2024-05-12 11:00:00Z,54.03463
2024-05-13 11:00:00Z,46.61216
2024-05-14 11:00:00Z,45.97803
2024-05-15 11:00:00Z,51.07881
2024-05-16 11:00:00Z,49.67871
2024-05-17 11:00:00Z,42.17083
2024-05-18 11:00:00Z,37.24611
2024-05-19 11:00:00Z,34.35035
2024-05-20 11:00:00Z,29.83782
2024-05-21 11:00:00Z,29.68135
2024-05-22 11:00:00Z,31.11151
2024-05-23 11:00:00Z,29.8715
2024-05-24 11:00:00Z,33.23397
2024-05-25 11:00:00Z,36.34087
2024-05-26 11:00:00Z,34.56753
2024-05-27 11:00:00Z,31.01987
2024-05-28 11:00:00Z,32.58546
2024-05-29 11:00:00Z,37.4119
2024-05-30 11:00:00Z,65.11414
2024-05-31 11:00:00Z,89.34605
2024-06-01 11:00:00Z,97.61154
2024-06-02 11:00:00Z,83.86433
2024-06-03 11:00:00Z,71.89729
2024-06-04 11:00:00Z,61.12829
2024-06-05 11:00:00Z,44.85627
2024-06-06 11:00:00Z,49.13224
2024-06-07 11:00:00Z,56.93413
2024-06-08 11:00:00Z,54.90445
2024-06-09 11:00:00Z,36.30814
2024-06-10 11:00:00Z,34.97282
2024-06-11 11:00:00Z,48.20883
2024-06-12 11:00:00Z,52.83643
2024-06-13 11:00:00Z,55.56435
2024-06-14 11:00:00Z,56.27918
2024-06-15 11:00:00Z,62.41165
2024-06-16 11:00:00Z,111.6415
2024-06-17 11:00:00Z,165.0381
2024-06-18 11:00:00Z,199.6378
2024-06-19 11:00:00Z,200.0259
2024-06-20 11:00:00Z,167.4394
2024-06-21 11:00:00Z,124.4722
2024-06-22 11:00:00Z,95.45307
2024-06-23 11:00:00Z,77.93133
2024-06-24 11:00:00Z,68.35118
2024-06-25 11:00:00Z,62.58628
2024-06-26 11:00:00Z,55.89874
2024-06-27 11:00:00Z,51.14475
2024-06-28 11:00:00Z,41.578
2024-06-29 11:00:00Z,29.11752
2024-06-30 11:00:00Z,23.65833
2024-07-01 11:00:00Z,19.38678
2024-07-02 11:00:00Z,23.43981
2024-07-03 11:00:00Z,22.45675
2024-07-04 11:00:00Z,27.06499
2024-07-05 11:00:00Z,20.06587
2024-07-06 11:00:00Z,23.90975
2024-07-07 11:00:00Z,21.97955
2024-07-08 11:00:00Z,33.14927
2024-07-09 11:00:00Z,41.52229
2024-07-10 11:00:00Z,41.40725
2024-07-11 11:00:00Z,51.34492
2024-07-12 11:00:00Z,60.94038
2024-07-13 11:00:00Z,63.39566
2024-07-14 11:00:00Z,58.99048
2024-07-15 11:00:00Z,65.32272
2024-07-16 11:00:00Z,80.96467
2024-07-17 11:00:00Z,87.0928
2024-07-18 11:00:00Z,84.11289
2024-07-19 11:00:00Z,73.59155
2024-07-20 11:00:00Z,65.668
2024-07-21 11:00:00Z,60.25252
2024-07-22 11:00:00Z,79.28551
2024-07-23 11:00:00Z,86.66537
2024-07-24 11:00:00Z,70.96475
2024-07-25 11:00:00Z,60.67532
2024-07-26 11:00:00Z,67.49935
2024-07-27 11:00:00Z,68.71644
2024-07-28 11:00:00Z,59.84131
2024-07-29 11:00:00Z,48.4035
2024-07-30 11:00:00Z,46.82174
2024-07-31 11:00:00Z,42.54781
2024-08-01 11:00:00Z,35.43479
2024-08-02 11:00:00Z,29.11978
2024-08-03 11:00:00Z,26.16713
2024-08-04 11:00:00Z,20.3767
2024-08-05 11:00:00Z,18.36497
2024-08-06 11:00:00Z,26.3712
2024-08-07 11:00:00Z,31.25114
2024-08-08 11:00:00Z,25.48987
2024-08-09 11:00:00Z,23.90183
2024-08-10 11:00:00Z,18.79893
2024-08-11 11:00:00Z,19.03205
2024-08-12 11:00:00Z,23.80497
2024-08-13 11:00:00Z,25.17316
2024-08-14 11:00:00Z,25.30174
2024-08-15 11:00:00Z,31.43385
2024-08-16 11:00:00Z,44.14265
2024-08-17 11:00:00Z,47.60013
2024-08-18 11:00:00Z,39.23335
2024-08-19 11:00:00Z,32.76535
2024-08-20 11:00:00Z,47.47717
2024-08-21 11:00:00Z,75.58984
2024-08-22 11:00:00Z,69.56441
2024-08-23 11:00:00Z,95.10654
2024-08-24 11:00:00Z,113.4102
2024-08-25 11:00:00Z,141.2524
2024-08-26 11:00:00Z,163.7164
2024-08-27 11:00:00Z,156.2936
2024-08-28 11:00:00Z,130.5358
2024-08-29 11:00:00Z,101.9322
2024-08-30 11:00:00Z,80.04469
2024-08-31 11:00:00Z,68.93187
2024-09-01 11:00:00Z,64.03876
2024-09-02 11:00:00Z,59.77551
2024-09-03 11:00:00Z,58.13585
2024-09-04 11:00:00Z,68.80891
2024-09-05 11:00:00Z,83.5358
2024-09-06 11:00:00Z,91.00169
2024-09-07 11:00:00Z,96.32498
2024-09-08 11:00:00Z,81.20744
2024-09-09 11:00:00Z,71.19051
2024-09-10 11:00:00Z,68.47576
2024-09-11 11:00:00Z,75.0842
2024-09-12 11:00:00Z,78.38647
2024-09-13 11:00:00Z,81.74383
2024-09-14 11:00:00Z,76.37084
2024-09-15 11:00:00Z,67.57074
2024-09-16 11:00:00Z,62.29436
2024-09-17 11:00:00Z,59.70839
2024-09-18 11:00:00Z,58.48003
2024-09-19 11:00:00Z,53.56023
2024-09-20 11:00:00Z,45.55405
2024-09-21 11:00:00Z,46.2809
2024-09-22 11:00:00Z,45.42572
2024-09-23 11:00:00Z,46.45516
2024-09-24 11:00:00Z,40.99492
2024-09-25 11:00:00Z,29.9045
2024-09-26 11:00:00Z,33.71514
2024-09-27 11:00:00Z,31.45914
2024-09-28 11:00:00Z,30.12778
2024-09-29 11:00:00Z,31.27163
2024-09-30 11:00:00Z,28.11002
2024-10-01 11:00:00Z,21.33174
2024-10-02 11:00:00Z,23.60513
2024-10-03 11:00:00Z,41.9548
2024-10-04 11:00:00Z,45.70161
2024-10-05 11:00:00Z,41.9267
2024-10-06 11:00:00Z,29.45048
2024-10-07 11:00:00Z,21.99529
2024-10-08 11:00:00Z,29.81719
2024-10-09 11:00:00Z,39.86184
2024-10-10 11:00:00Z,51.57865
2024-10-11 11:00:00Z,66.49963
2024-10-12 11:00:00Z,71.03074
2024-10-13 11:00:00Z,60.44163
2024-10-14 11:00:00Z,73.5255
2024-10-15 11:00:00Z,80.17643
2024-10-16 11:00:00Z,67.86584
2024-10-17 11:00:00Z,57.61644
2024-10-18 11:00:00Z,66.56244
2024-10-19 11:00:00Z,79.16899
2024-10-20 11:00:00Z,113.7142
2024-10-21 11:00:00Z,161.0006
2024-10-22 11:00:00Z,209.4879
2024-10-23 11:00:00Z,177.4305
2024-10-24 11:00:00Z,131.7566
2024-10-25 11:00:00Z,99.52969
2024-10-26 11:00:00Z,78.53182
2024-10-27 11:00:00Z,87.93603
2024-10-28 11:00:00Z,109.8274
2024-10-29 11:00:00Z,102.724
2024-10-30 11:00:00Z,92.67675
2024-10-31 11:00:00Z,74.55179
2024-11-01 11:00:00Z,55.07442
2024-11-02 11:00:00Z,49.92321
2024-11-03 11:00:00Z,53.63876
2024-11-04 11:00:00Z,50.398
2024-11-05 11:00:00Z,43.65556
2024-11-06 11:00:00Z,33.47015
2024-11-07 11:00:00Z,31.49255
2024-11-08 11:00:00Z,32.01707
2024-11-09 11:00:00Z,26.63405
2024-11-10 11:00:00Z,29.99034
2024-11-11 11:00:00Z,32.42013
2024-11-12 11:00:00Z,33.64195
2024-11-13 11:00:00Z,33.7281
2024-11-14 11:00:00Z,33.20783
2024-11-15 11:00:00Z,31.30864
2024-11-16 11:00:00Z,20.6866
2024-11-17 11:00:00Z,16.26559
2024-11-18 11:00:00Z,15.34203
2024-11-19 11:00:00Z,26.42188
2024-11-20 11:00:00Z,33.02806
2024-11-21 11:00:00Z,33.55868
2024-11-22 11:00:00Z,34.86059
2024-11-23 11:00:00Z,35.64078
2024-11-24 11:00:00Z,34.60176
2024-11-25 11:00:00Z,58.11429
2024-11-26 11:00:00Z,72.07642
2024-11-27 11:00:00Z,84.34581
2024-11-28 11:00:00Z,87.72863
2024-11-29 11:00:00Z,83.58276
2024-11-30 11:00:00Z,61.8369
2024-12-01 11:00:00Z,47.12304
2024-12-02 11:00:00Z,49.59141
2024-12-03 11:00:00Z,60.48686
2024-12-04 11:00:00Z,69.96778
2024-12-05 11:00:00Z,77.12413
2024-12-06 11:00:00Z,125.5316
2024-12-07 11:00:00Z,126.7657
2024-12-08 11:00:00Z,165.231
2024-12-09 11:00:00Z,125.5502
2024-12-10 11:00:00Z,90.38188
2024-12-11 11:00:00Z,74.98693
2024-12-12 11:00:00Z,67.23976
2024-12-13 11:00:00Z,62.74799
2024-12-14 11:00:00Z,59.06847
2024-12-15 11:00:00Z,56.68173
2024-12-16 11:00:00Z,56.68049
2024-12-17 11:00:00Z,57.93541
2024-12-18 11:00:00Z,69.4977
2024-12-19 11:00:00Z,82.19932
2024-12-20 11:00:00Z,91.29066
2024-12-21 11:00:00Z,91.31731
2024-12-22 11:00:00Z,83.8253
2024-12-23 11:00:00Z,71.45764
2024-12-24 11:00:00Z,67.80094
2024-12-25 11:00:00Z,57.37019
2024-12-26 11:00:00Z,49.25787
2024-12-27 11:00:00Z,55.85451
2024-12-28 11:00:00Z,50.75863
2024-12-29 11:00:00Z,41.0336
2024-12-30 11:00:00Z,34.25101
2024-12-31 11:00:00Z,49.84692
2025-01-01 11:00:00Z,44.84148
2025-01-02 11:00:00Z,32.7334
2025-01-03 11:00:00Z,43.89554
2025-01-04 11:00:00Z,47.60665
2025-01-05 11:00:00Z,49.83784
2025-01-06 11:00:00Z,40.32533
2025-01-07 11:00:00Z,27.90994
2025-01-08 11:00:00Z,35.53115
2025-01-09 11:00:00Z,53.20238
2025-01-10 11:00:00Z,54.56355
2025-01-11 11:00:00Z,53.43729
2025-01-12 11:00:00Z,52.05276
2025-01-13 11:00:00Z,51.59715
2025-01-14 11:00:00Z,51.05302
2025-01-15 11:00:00Z,41.88087
2025-01-16 11:00:00Z,49.4387
2025-01-17 11:00:00Z,52.06357
2025-01-18 11:00:00Z,41.15552
2025-01-19 11:00:00Z,44.42445
2025-01-20 11:00:00Z,60.09123
2025-01-21 11:00:00Z,68.02985
2025-01-22 11:00:00Z,65.63586
2025-01-23 11:00:00Z,64.38874
2025-01-24 11:00:00Z,68.00751
2025-01-25 11:00:00Z,99.38219
2025-01-26 11:00:00Z,93.31888
2025-01-27 11:00:00Z,83.96024
2025-01-28 11:00:00Z,99.16608
2025-01-29 11:00:00Z,117.6466
2025-01-30 11:00:00Z,108.4357
2025-01-31 11:00:00Z,91.9064
2025-02-01 11:00:00Z,78.45854
2025-02-02 11:00:00Z,69.24345
2025-02-03 11:00:00Z,64.2114
2025-02-04 11:00:00Z,60.52026
2025-02-05 11:00:00Z,63.69701
2025-02-06 11:00:00Z,65.89892
2025-02-07 11:00:00Z,64.67963
2025-02-08 11:00:00Z,53.2133
2025-02-09 11:00:00Z,45.64512
2025-02-10 11:00:00Z,43.38905
2025-02-11 11:00:00Z,43.17443
2025-02-12 11:00:00Z,42.16692
2025-02-13 11:00:00Z,41.08472
2025-02-14 11:00:00Z,47.0951
2025-02-15 11:00:00Z,48.4625
2025-02-16 11:00:00Z,47.25178
2025-02-17 11:00:00Z,46.33554
2025-02-18 11:00:00Z,46.78845
2025-02-19 11:00:00Z,46.76997
2025-02-20 11:00:00Z,45.34262
2025-02-21 11:00:00Z,35.70622
2025-02-22 11:00:00Z,43.50703
2025-02-23 11:00:00Z,72.42132
2025-02-24 11:00:00Z,136.0216
2025-02-25 11:00:00Z,162.4259
2025-02-26 11:00:00Z,184.9147
2025-02-27 11:00:00Z,197.4677
2025-02-28 11:00:00Z,158.0818
2025-03-01 11:00:00Z,124.5844
2025-03-02 11:00:00Z,98.9724
2025-03-03 11:00:00Z,81.51877
2025-03-04 11:00:00Z,77.85301
2025-03-05 11:00:00Z,96.69131
2025-03-06 11:00:00Z,143.1706
2025-03-07 11:00:00Z,187.1628
2025-03-08 11:00:00Z,186.026
2025-03-09 11:00:00Z,151.8394
2025-03-10 11:00:00Z,118.1201
2025-03-11 11:00:00Z,106.0751
2025-03-12 11:00:00Z,104.2718
2025-03-13 11:00:00Z,91.34583
2025-03-14 11:00:00Z,79.62537
2025-03-15 11:00:00Z,71.23813
2025-03-16 11:00:00Z,65.91575
2025-03-17 11:00:00Z,60.11295
2025-03-18 11:00:00Z,44.16456
2025-03-19 11:00:00Z,37.95099
2025-03-20 11:00:00Z,34.3689
2025-03-21 11:00:00Z,39.64355
2025-03-22 11:00:00Z,35.5958
2025-03-23 11:00:00Z,27.35351
2025-03-24 11:00:00Z,27.20778
2025-03-25 11:00:00Z,42.1291
2025-03-26 11:00:00Z,42.09682
2025-03-27 11:00:00Z,40.40196
2025-03-28 11:00:00Z,31.74664
2025-03-29 11:00:00Z,32.96579
2025-03-30 11:00:00Z,39.14091
2025-03-31 11:00:00Z,53.9432
2025-04-01 11:00:00Z,59.49432
2025-04-02 11:00:00Z,52.33477
2025-04-03 11:00:00Z,47.39041
2025-04-04 11:00:00Z,48.67157
2025-04-05 11:00:00Z,37.7802
2025-04-06 11:00:00Z,31.94936
2025-04-07 11:00:00Z,36.63126
2025-04-08 11:00:00Z,36.62617
2025-04-09 11:00:00Z,29.62704
2025-04-10 11:00:00Z,39.16038
2025-04-11 11:00:00Z,35.429
2025-04-12 11:00:00Z,29.37416
2025-04-13 11:00:00Z,30.03173
2025-04-14 11:00:00Z,31.2964
2025-04-15 11:00:00Z,36.0056
2025-04-16 11:00:00Z,31.40812
2025-04-17 11:00:00Z,39.01669
2025-04-18 11:00:00Z,42.35241
2025-04-19 11:00:00Z,43.89651
2025-04-20 11:00:00Z,48.48836
2025-04-21 11:00:00Z,46.92041
2025-04-22 11:00:00Z,52.83956
2025-04-23 11:00:00Z,57.25156
2025-04-24 11:00:00Z,53.58946
2025-04-25 11:00:00Z,45.54016
2025-04-26 11:00:00Z,36.82344
2025-04-27 11:00:00Z,28.18118
2025-04-28 11:00:00Z,24.38971
2025-04-29 11:00:00Z,21.75587
2025-04-30 11:00:00Z,19.53087
2025-05-01 11:00:00Z,18.36471
2025-05-02 11:00:00Z,15.80599
2025-05-03 11:00:00Z,13.86546
2025-05-04 11:00:00Z,13.09736
2025-05-05 11:00:00Z,13.20531
2025-05-06 11:00:00Z,14.45428
2025-05-07 11:00:00Z,14.83134
2025-05-08 11:00:00Z,14.76236
2025-05-09 11:00:00Z,15.01274
2025-05-10 11:00:00Z,13.38221
2025-05-11 11:00:00Z,11.46114
2025-05-12 11:00:00Z,10.55117
2025-05-13 11:00:00Z,11.00433
2025-05-14 11:00:00Z,10.90694
2025-05-15 11:00:00Z,10.14767
2025-05-16 11:00:00Z,9.511677
2025-05-17 11:00:00Z,9.068403
2025-05-18 11:00:00Z,8.787709
2025-05-19 11:00:00Z,8.510957
2025-05-20 11:00:00Z,8.217824
2025-05-21 11:00:00Z,8.114454
2025-05-22 11:00:00Z,8.747696
2025-05-23 11:00:00Z,9.058084
2025-05-24 11:00:00Z,8.916035
2025-05-25 11:00:00Z,9.138391
2025-05-26 11:00:00Z,9.365142
2025-05-27 11:00:00Z,10.13105
2025-05-28 11:00:00Z,12.43911
2025-05-29 11:00:00Z,13.8739
2025-05-30 11:00:00Z,19.37757
2025-05-31 11:00:00Z,27.32019
2025-06-01 11:00:00Z,27.33391
2025-06-02 11:00:00Z,21.61584
2025-06-03 11:00:00Z,17.23947
2025-06-04 11:00:00Z,14.69955
2025-06-05 11:00:00Z,20.70299
2025-06-06 11:00:00Z,26.40723
2025-06-07 11:00:00Z,29.96868
2025-06-08 11:00:00Z,27.66846
2025-06-09 11:00:00Z,23.94047
2025-06-10 11:00:00Z,21.32724
2025-06-11 11:00:00Z,26.07111
2025-06-12 11:00:00Z,31.4553
2025-06-13 11:00:00Z,27.83335
2025-06-14 11:00:00Z,19.93733
2025-06-15 11:00:00Z,15.50901
2025-06-16 11:00:00Z,15.64327
2025-06-17 11:00:00Z,16.41251
2025-06-18 11:00:00Z,14.3871
2025-06-19 11:00:00Z,11.51383
2025-06-20 11:00:00Z,10.07767
2025-06-21 11:00:00Z,10.77791
2025-06-22 11:00:00Z,12.61545
2025-06-23 11:00:00Z,11.57731
2025-06-24 11:00:00Z,8.313194
2025-06-25 11:00:00Z,8.809103
2025-06-26 11:00:00Z,15.09392
2025-06-27 11:00:00Z,10.83051
2025-06-28 11:00:00Z,9.127123
2025-06-29 11:00:00Z,8.317639
2025-06-30 11:00:00Z,6.868649
2025-07-01 11:00:00Z,6.696781
2025-07-02 11:00:00Z,6.922484
2025-07-03 11:00:00Z,6.945461
2025-07-04 11:00:00Z,6.623635
2025-07-05 11:00:00Z,6.174788
2025-07-06 11:00:00Z,5.415608
2025-07-07 11:00:00Z,4.745896
2025-07-08 11:00:00Z,4.385421
2025-07-09 11:00:00Z,4.459948
2025-07-10 11:00:00Z,4.758502
2025-07-11 11:00:00Z,5.247279
2025-07-12 11:00:00Z,5.668131
2025-07-13 11:00:00Z,5.866034
2025-07-14 11:00:00Z,5.579556
2025-07-15 11:00:00Z,5.173953
2025-07-16 11:00:00Z,5.043006
2025-07-17 11:00:00Z,5.349583
2025-07-18 11:00:00Z,5.587285
2025-07-19 11:00:00Z,5.847173
2025-07-20 11:00:00Z,5.843533
2025-07-21 11:00:00Z,6.10187
2025-07-22 11:00:00Z,6.91701
2025-07-23 11:00:00Z,6.253658
2025-07-24 11:00:00Z,5.462532
2025-07-25 11:00:00Z,5.005025
2025-07-26 11:00:00Z,4.867419
2025-07-27 11:00:00Z,4.781949
2025-07-28 11:00:00Z,4.773709
2025-07-29 11:00:00Z,4.909736
2025-07-30 11:00:00Z,5.199371
2025-07-31 11:00:00Z,5.059004
2025-08-01 11:00:00Z,5.21707
2025-08-02 11:00:00Z,5.845333
2025-08-03 11:00:00Z,7.407697
2025-08-04 11:00:00Z,9.437712
2025-08-05 11:00:00Z,13.80007
2025-08-06 11:00:00Z,12.10429
2025-08-07 11:00:00Z,11.41374
2025-08-08 11:00:00Z,13.09101
2025-08-09 11:00:00Z,12.19179
2025-08-10 11:00:00Z,10.18994
2025-08-11 11:00:00Z,10.66542
2025-08-12 11:00:00Z,14.42146
2025-08-13 11:00:00Z,14.0351
2025-08-14 11:00:00Z,12.41448
2025-08-15 11:00:00Z,13.18343
2025-08-16 11:00:00Z,11.11776
2025-08-17 11:00:00Z,9.23971
2025-08-18 11:00:00Z,8.445281
2025-08-19 11:00:00Z,7.944451
2025-08-20 11:00:00Z,9.368579
2025-08-21 11:00:00Z,11.31231
2025-08-22 11:00:00Z,11.14322
2025-08-23 11:00:00Z,9.552933
2025-08-24 11:00:00Z,7.840769
2025-08-25 11:00:00Z,6.781403
2025-08-26 11:00:00Z,6.722611
2025-08-27 11:00:00Z,7.562147
2025-08-28 11:00:00Z,10.00791
2025-08-29 11:00:00Z,11.12094
2025-08-30 11:00:00Z,17.76069
2025-08-31 11:00:00Z,26.02491
2025-09-01 11:00:00Z,33.96846
2025-09-02 11:00:00Z,48.70477
2025-09-03 11:00:00Z,64.87555
2025-09-04 11:00:00Z,139.7617
2025-09-05 11:00:00Z,181.6263
2025-09-06 11:00:00Z,181.3855
2025-09-07 11:00:00Z,171.8408
2025-09-08 11:00:00Z,131.0242
2025-09-09 11:00:00Z,97.99229
2025-09-10 11:00:00Z,79.40339
2025-09-11 11:00:00Z,120.9467
2025-09-12 11:00:00Z,262.5566
2025-09-13 11:00:00Z,295.6969
2025-09-14 11:00:00Z,391.4186
2025-09-15 11:00:00Z,421.5797
2025-09-16 11:00:00Z,429.0798
2025-09-17 11:00:00Z,322.1999
2025-09-18 11:00:00Z,226.0827
2025-09-19 11:00:00Z,164.4559
2025-09-20 11:00:00Z,123.0741
2025-09-21 11:00:00Z,94.54137
2025-09-22 11:00:00Z,79.02451
2025-09-23 11:00:00Z,72.82676
2025-09-24 11:00:00Z,66.39392
2025-09-25 11:00:00Z,60.10146
2025-09-26 11:00:00Z,54.49748
2025-09-27 11:00:00Z,43.31894
2025-09-28 11:00:00Z,34.51468
2025-09-29 11:00:00Z,40.96023
2025-09-30 11:00:00Z,52.42921
2025-10-01 11:00:00Z,54.77779
2025-10-02 11:00:00Z,53.50056
2025-10-03 11:00:00Z,52.41513
2025-10-04 11:00:00Z,130.4643
2025-10-05 11:00:00Z,178.4742
2025-10-06 11:00:00Z,229.6602
2025-10-07 11:00:00Z,192.2626
2025-10-08 11:00:00Z,152.6218
2025-10-09 11:00:00Z,118.2442
2025-10-10 11:00:00Z,90.86693
2025-10-11 11:00:00Z,74.01147
2025-10-12 11:00:00Z,65.33669
2025-10-13 11:00:00Z,58.95227
2025-10-14 11:00:00Z,55.6861
2025-10-15 11:00:00Z,53.28947
2025-10-16 11:00:00Z,51.20601
2025-10-17 11:00:00Z,49.83868
2025-10-18 11:00:00Z,48.72955
2025-10-19 11:00:00Z,47.8643
2025-10-20 11:00:00Z,47.68192
2025-10-21 11:00:00Z,57.04893
2025-10-22 11:00:00Z,90.76598
2025-10-23 11:00:00Z,101.5428
2025-10-24 11:00:00Z,158.7195
2025-10-25 11:00:00Z,234.196
2025-10-26 11:00:00Z,287.3952
2025-10-27 11:00:00Z,235.3136
2025-10-28 11:00:00Z,174.4329
2025-10-29 11:00:00Z,135.9038
2025-10-30 11:00:00Z,101.3137
2025-10-31 11:00:00Z,82.60898
2025-11-01 11:00:00Z,93.4825
2025-11-02 11:00:00Z,180.5029
2025-11-03 11:00:00Z,210.2141
2025-11-04 11:00:00Z,192.9507
2025-11-05 11:00:00Z,170.3069
2025-11-06 11:00:00Z,149.4428
2025-11-07 11:00:00Z,126.3593
2025-11-08 11:00:00Z,102.2849
2025-11-09 11:00:00Z,88.48466
2025-11-10 11:00:00Z,78.33514
2025-11-11 11:00:00Z,69.91212
2025-11-12 11:00:00Z,85.59745
2025-11-13 11:00:00Z,105.8234
2025-11-14 11:00:00Z,117.7504
2025-11-15 11:00:00Z,104.2559
2025-11-16 11:00:00Z,86.32461
2025-11-17 11:00:00Z,73.10791
2025-11-18 11:00:00Z,65.6863
2025-11-19 11:00:00Z,61.1195
2025-11-20 11:00:00Z,53.7904
2025-11-21 11:00:00Z,51.80435
2025-11-22 11:00:00Z,50.35444
2025-11-23 11:00:00Z,40.5745
2025-11-24 11:00:00Z,46.65776
2025-11-25 11:00:00Z,53.79582
2025-11-26 11:00:00Z,53.3422
2025-11-27 11:00:00Z,54.41951
2025-11-28 11:00:00Z,58.72462
2025-11-29 11:00:00Z,64.3791
2025-11-30 11:00:00Z,69.29012
2025-12-01 11:00:00Z,111.2016
2025-12-02 11:00:00Z,173.5066
2025-12-03 11:00:00Z,211.1619
2025-12-04 11:00:00Z,250.4156
2025-12-05 11:00:00Z,216.4447
2025-12-06 11:00:00Z,203.1633
2025-12-07 11:00:00Z,205.2627
2025-12-08 11:00:00Z,239.2025
2025-12-09 11:00:00Z,261.462
2025-12-10 11:00:00Z,229.0115
2025-12-11 11:00:00Z,196.4546
2025-12-12 11:00:00Z,168.2193
2025-12-13 11:00:00Z,145.2032
2025-12-14 11:00:00Z,128.5166
2025-12-15 11:00:00Z,110.8081
2025-12-16 11:00:00Z,102.676
2025-12-17 11:00:00Z,110.3567
2025-12-18 11:00:00Z,127.7041
2025-12-19 11:00:00Z,205.2607
2025-12-20 11:00:00Z,246.2498
2025-12-21 11:00:00Z,219.45
2025-12-22 11:00:00Z,169.5989
2025-12-23 11:00:00Z,130.5986
2025-12-24 11:00:00Z,101.0448
2025-12-25 11:00:00Z,86.14015
2025-12-26 11:00:00Z,72.85746
2025-12-27 11:00:00Z,65.92912
2025-12-28 11:00:00Z,60.1268
2025-12-29 11:00:00Z,47.10978
2025-12-30 11:00:00Z,38.52175
2025-12-31 11:00:00Z,43.51921
2026-01-01 11:00:00Z,36.09693
2026-01-02 11:00:00Z,23.64823
2026-01-03 11:00:00Z,29.91325
2026-01-04 11:00:00Z,26.22379
2026-01-05 11:00:00Z,30.24624
2026-01-06 11:00:00Z,31.86209
2026-01-07 11:00:00Z,32.72001
2026-01-08 11:00:00Z,32.38619
2026-01-09 11:00:00Z,30.73068
2026-01-10 11:00:00Z,21.02199
2026-01-11 11:00:00Z,32.01472
2026-01-12 11:00:00Z,35.18047
2026-01-13 11:00:00Z,37.04095
2026-01-14 11:00:00Z,33.29077
2026-01-15 11:00:00Z,32.70912
2026-01-16 11:00:00Z,34.71628
2026-01-17 11:00:00Z,46.00239
2026-01-18 11:00:00Z,46.17428
2026-01-19 11:00:00Z,49.27619
2026-01-20 11:00:00Z,58.23915
2026-01-21 11:00:00Z,55.73788
2026-01-22 11:00:00Z,46.95805
2026-01-23 11:00:00Z,42.71081
2026-01-24 11:00:00Z,41.05645
2026-01-25 11:00:00Z,41.1236
2026-01-26 11:00:00Z,41.01969
2026-01-27 11:00:00Z,42.34917
2026-01-28 11:00:00Z,39.6178
2026-01-29 11:00:00Z,40.05753
2026-01-30 11:00:00Z,39.08096
2026-01-31 11:00:00Z,32.72235
2026-02-01 11:00:00Z,23.15965
2026-02-02 11:00:00Z,21.03806
2026-02-03 11:00:00Z,22.97386
2026-02-04 11:00:00Z,23.17779
2026-02-05 11:00:00Z,22.67078
2026-02-06 11:00:00Z,26.13094
2026-02-07 11:00:00Z,27.3859
2026-02-08 11:00:00Z,18.7293
2026-02-09 11:00:00Z,22.71729
2026-02-10 11:00:00Z,31.84527
2026-02-11 11:00:00Z,28.11382
2026-02-12 11:00:00Z,24.71047
2026-02-13 11:00:00Z,24.22822
2026-02-14 11:00:00Z,26.99147
2026-02-15 11:00:00Z,27.0108
2026-02-16 11:00:00Z,21.10202
2026-02-17 11:00:00Z,22.15431
2026-02-18 11:00:00Z,23.8846
2026-02-19 11:00:00Z,26.63864
2026-02-20 11:00:00Z,24.00838
2026-02-21 11:00:00Z,28.05784
2026-02-22 11:00:00Z,32.26533
2026-02-23 11:00:00Z,27.39163
2026-02-24 11:00:00Z,36.06176
2026-02-25 11:00:00Z,30.94526
2026-02-26 11:00:00Z,26.65152
2026-02-27 11:00:00Z,28.16947
2026-02-28 11:00:00Z,31.68589
2026-03-01 11:00:00Z,39.12688
2026-03-02 11:00:00Z,39.07662
2026-03-03 11:00:00Z,41.42858
2026-03-04 11:00:00Z,46.78492
2026-03-05 11:00:00Z,37.82574
2026-03-06 11:00:00Z,30.66302
2026-03-07 11:00:00Z,50.17158
2026-03-08 11:00:00Z,66.33538
2026-03-09 11:00:00Z,71.04447
2026-03-10 11:00:00Z,66.30306
2026-03-11 11:00:00Z,59.5123
2026-03-12 11:00:00Z,87.90923
2026-03-13 11:00:00Z,210.2939
2026-03-14 11:00:00Z,321.1822
2026-03-15 11:00:00Z,270.554
2026-03-16 11:00:00Z,242.9315
2026-03-17 11:00:00Z,216.6003
2026-03-18 11:00:00Z,182.042
2026-03-19 11:00:00Z,166.0965
2026-03-20 11:00:00Z,159.6983
2026-03-21 11:00:00Z,139.6918
2026-03-22 11:00:00Z,117.9942
2026-03-23 11:00:00Z,102.2526
2026-03-24 11:00:00Z,89.09616
2026-03-25 11:00:00Z,86.34953
2026-03-26 11:00:00Z,91.56508
2026-03-27 11:00:00Z,87.97762
2026-03-28 11:00:00Z,81.36893
2026-03-29 11:00:00Z,74.25506
2026-03-30 11:00:00Z,63.95081
2026-03-31 11:00:00Z,65.16869
2026-04-01 11:00:00Z,65.02548
2026-04-02 11:00:00Z,63.71605
2026-04-03 11:00:00Z,63.77594
2026-04-04 11:00:00Z,72.75007
2026-04-05 11:00:00Z,89.10784
2026-04-06 11:00:00Z,91.40265
2026-04-07 11:00:00Z,87.16395
2026-04-08 11:00:00Z,79.85987
2026-04-09 11:00:00Z,73.18574
2026-04-10 11:00:00Z,70.52961
2026-04-11 11:00:00Z,75.15535
2026-04-12 11:00:00Z,85.88311
2026-04-13 11:00:00Z,90.98078
2026-04-14 11:00:00Z,109.593
2026-04-15 11:00:00Z,186.7966
2026-04-16 11:00:00Z,173.9679
2026-04-17 11:00:00Z,137.2703
2026-04-18 11:00:00Z,117.5621
2026-04-19 11:00:00Z,117.4154
2026-04-20 11:00:00Z,141.1544
2026-04-21 11:00:00Z,152.1728
2026-04-22 11:00:00Z,139.5889
2026-04-23 11:00:00Z,116.162
2026-04-24 11:00:00Z,93.57607
2026-04-25 11:00:00Z,87.75753
2026-04-26 11:00:00Z,83.26501
2026-04-27 11:00:00Z,79.52464
2026-04-28 11:00:00Z,73.97528
2026-04-29 11:00:00Z,63.34459
2026-04-30 11:00:00Z,57.56499
2026-05-01 11:00:00Z,50.44284
2026-05-02 11:00:00Z,48.58387
2026-05-03 11:00:00Z,52.73404
2026-05-04 11:00:00Z,58.86001
2026-05-05 11:00:00Z,66.57666
2026-05-06 11:00:00Z,69.62145
2026-05-07 11:00:00Z,63.45482
2026-05-08 11:00:00Z,53.94016
2026-05-09 11:00:00Z,36.36922
2026-05-10 11:00:00Z,26.16514
2026-05-11 11:00:00Z,22.16912
2026-05-12 11:00:00Z,19.88438
2026-05-13 11:00:00Z,23.80198
2026-05-14 11:00:00Z,31.9089
2026-05-15 11:00:00Z,54.17117
2026-05-16 11:00:00Z,119.5216
2026-05-17 11:00:00Z,178.0179
2026-05-18 11:00:00Z,219.5077
2026-05-19 11:00:00Z,183.0725
2026-05-20 11:00:00Z,158.9502
2026-05-21 11:00:00Z,139.4759
2026-05-22 11:00:00Z,121.3213
2026-05-23 11:00:00Z,102.9581
2026-05-24 11:00:00Z,85.5489
2026-05-25 11:00:00Z,74.54117
2026-05-26 11:00:00Z,68.88287
2026-05-27 11:00:00Z,59.91732
2026-05-28 11:00:00Z,49.6049
2026-05-29 11:00:00Z,47.84468
2026-05-30 11:00:00Z,46.36028
2026-05-31 11:00:00Z,42.8913
2026-06-01 11:00:00Z,45.5689
2026-06-02 11:00:00Z,51.03725
2026-06-03 11:00:00Z,52.85986
2026-06-04 11:00:00Z,63.28157
2026-06-05 11:00:00Z,83.2608
2026-06-06 11:00:00Z,111.8556
2026-06-07 11:00:00Z,107.269
2026-06-08 11:00:00Z,85.61539
2026-06-09 11:00:00Z,106.2749
2026-06-10 11:00:00Z,136.636
2026-06-11 11:00:00Z,149.2121
2026-06-12 11:00:00Z,131.249
2026-06-13 11:00:00Z,128.7569
2026-06-14 11:00:00Z,124.5254
2026-06-15 11:00:00Z,110.7263
2026-06-16 11:00:00Z,90.49052
2026-06-17 11:00:00Z,79.78851
2026-06-18 11:00:00Z,69.99145
2026-06-19 11:00:00Z,58.68722
2026-06-20 11:00:00Z,50.81285
2026-06-21 11:00:00Z,45.96111
2026-06-22 11:00:00Z,43.25508
2026-06-23 11:00:00Z,42.01972
2026-06-24 11:00:00Z,39.10357
2026-06-25 11:00:00Z,37.6074
2026-06-26 11:00:00Z,31.13496
2026-06-27 11:00:00Z,24.72577
2026-06-28 11:00:00Z,22.30472
2026-06-29 11:00:00Z,20.00977
2026-06-30 11:00:00Z,17.04136
2026-07-01 11:00:00Z,16.82954
2026-07-02 11:00:00Z,18.06224
2026-07-03 11:00:00Z,14.77453
2026-07-04 11:00:00Z,11.75969
2026-07-05 11:00:00Z,10.23113
2026-07-06 11:00:00Z,10.13129
2026-07-07 11:00:00Z,10.10498
2026-07-08 11:00:00Z,9.192001
2026-07-09 11:00:00Z,8.399077
2026-07-10 11:00:00Z,7.91151
2026-07-11 11:00:00Z,7.797177
2026-07-12 11:00:00Z,7.917418
2026-07-13 11:00:00Z,7.658177
2026-07-14 11:00:00Z,7.594821
2026-07-15 11:00:00Z,7.620644
2026-07-16 11:00:00Z,7.826497
2026-07-17 11:00:00Z,8.145331
2026-07-18 11:00:00Z,8.603167
2026-07-19 11:00:00Z,8.602604
2026-07-20 11:00:00Z,7.899302
2026-07-21 11:00:00Z,7.883794
2026-07-22 11:00:00Z,7.98239
2026-07-23 11:00:00Z,7.511531
2026-07-24 11:00:00Z,6.99353
2026-07-25 11:00:00Z,6.786878
2026-07-26 11:00:00Z,6.672584
2026-07-27 11:00:00Z,6.45675
2026-07-28 11:00:00Z,6.023901
2026-07-29 11:00:00Z,5.830274
2026-07-30 11:00:00Z,5.68085
2026-07-31 11:00:00Z,5.533175
2026-08-01 11:00:00Z,5.351733
2026-08-02 11:00:00Z,5.192231
2026-08-03 11:00:00Z,5.042576
2026-08-04 11:00:00Z,5.020875
2026-08-05 11:00:00Z,5.487972
2026-08-06 11:00:00Z,5.546385
2026-08-07 11:00:00Z,5.45685
2026-08-08 11:00:00Z,5.316848
2026-08-09 11:00:00Z,5.193858
2026-08-10 11:00:00Z,5.230112
2026-08-11 11:00:00Z,5.214688
2026-08-12 11:00:00Z,5.282298
2026-08-13 11:00:00Z,5.346921
2026-08-14 11:00:00Z,5.418775
2026-08-15 11:00:00Z,5.514573
2026-08-16 11:00:00Z,5.455509
2026-08-17 11:00:00Z,5.452775
2026-08-18 11:00:00Z,5.432733
2026-08-19 11:00:00Z,5.411064
2026-08-20 11:00:00Z,5.357067
2026-08-21 11:00:00Z,5.277809
2026-08-22 11:00:00Z,5.313154
2026-08-23 11:00:00Z,5.299884
2026-08-24 11:00:00Z,5.274502
2026-08-25 11:00:00Z,5.239181
2026-08-26 11:00:00Z,5.244602
2026-08-27 11:00:00Z,5.274972
2026-08-28 11:00:00Z,5.772967
2026-08-29 11:00:00Z,7.260644
2026-08-30 11:00:00Z,7.334691
2026-08-31 11:00:00Z,6.492765
2026-09-01 11:00:00Z,5.905193
2026-09-02 11:00:00Z,5.485312
2026-09-03 11:00:00Z,5.785114
2026-09-04 11:00:00Z,6.662638
2026-09-05 11:00:00Z,6.893205
